bvid,title,length,category,topic,season,created,play,status,video,text,url
BV1k1Y763Ejj,蓝宝石怎么镶才好看？这一期直接抄答案,01:25,02_彩色宝石,02_彩色宝石,,1789121081,37,transcribed,/Users/wenjiechen/Desktop/gemology-kb/library/01_video/02_彩色宝石,,https://www.bilibili.com/video/BV1k1Y763Ejj
BV1tjYT6HEVR,客订珠宝 | 这期设计都能给到夯！,02:48,05_金属首饰与佩戴,05_金属首饰与佩戴,,1789034582,225,transcribed,/Users/wenjiechen/Desktop/gemology-kb/library/01_video/05_金属首饰与佩戴,,https://www.bilibili.com/video/BV1tjYT6HEVR
BV1QebK6LE3a,九月香港珠宝展预告！快来聊聊,00:52,08_行业与商业,08_行业与商业,,1788776441,575,transcribed,/Users/wenjiechen/Desktop/gemology-kb/library/01_video/08_行业与商业,,https://www.bilibili.com/video/BV1QebK6LE3a
BV1p9to66ELo,景甜风富贵花怎么戴珠宝？贵气但别老气,03:26,05_金属首饰与佩戴,05_金属首饰与佩戴,,1788433544,1298,transcribed,/Users/wenjiechen/Desktop/gemology-kb/library/01_video/05_金属首饰与佩戴,,https://www.bilibili.com/video/BV1p9to66ELo
BV1N6t86vEJ7,长期主义买彩宝该怎么选？这三点一定要注意,02:03,02_彩色宝石,02_彩色宝石,,1788170661,432,transcribed,/Users/wenjiechen/Desktop/gemology-kb/library/01_video/02_彩色宝石,,https://www.bilibili.com/video/BV1N6t86vEJ7
BV1t34R6BE73,秋冬首饰搭配就看这三个方向！很妙~,02:49,05_金属首饰与佩戴,05_金属首饰与佩戴,,1787827829,570,transcribed,/Users/wenjiechen/Desktop/gemology-kb/library/01_video/05_金属首饰与佩戴,,https://www.bilibili.com/video/BV1t34R6BE73
BV1Pm8d6CE5E,精切小货上新｜3年前都买不到的价格,01:47,05_金属首饰与佩戴,05_金属首饰与佩戴,,1787741078,1973,transcribed,/Users/wenjiechen/Desktop/gemology-kb/library/01_video/05_金属首饰与佩戴,,https://www.bilibili.com/video/BV1Pm8d6CE5E
BV1VFhP6mEHE,程潇风甜辣脸，选这些珠宝上大分！,03:25,11_其他,11_其他,,1787569571,548,transcribed,/Users/wenjiechen/Desktop/gemology-kb/library/01_video/11_其他,,https://www.bilibili.com/video/BV1VFhP6mEHE
BV1qh8z6JEM6,粉色尖晶石怎么选？颜值即正义,05:12,02_彩色宝石,02_彩色宝石,,1787317514,552,transcribed,/Users/wenjiechen/Desktop/gemology-kb/library/01_video/02_彩色宝石,,https://www.bilibili.com/video/BV1qh8z6JEM6
BV1V88c6qEAZ,2026彩宝热度排行，第一名果然是它,03:54,02_彩色宝石,02_彩色宝石,,1787225268,1787,transcribed,/Users/wenjiechen/Desktop/gemology-kb/library/01_video/02_彩色宝石,,https://www.bilibili.com/video/BV1V88c6qEAZ
BV1DpbC67EPq,火年买蓝色系宝石？先别上头，听我说完,03:33,02_彩色宝石,02_彩色宝石,,1786786200,1013,transcribed,/Users/wenjiechen/Desktop/gemology-kb/library/01_video/02_彩色宝石,,https://www.bilibili.com/video/BV1DpbC67EPq
BV13Ygp6jEt4,田曦薇风甜妹脸，珠宝要灵动别显老！,01:36,05_金属首饰与佩戴,05_金属首饰与佩戴,,1786615588,968,transcribed,/Users/wenjiechen/Desktop/gemology-kb/library/01_video/05_金属首饰与佩戴,,https://www.bilibili.com/video/BV13Ygp6jEt4
BV15kui6XE6a,拥有现代感的中式时尚风格到底什么样？,02:24,05_金属首饰与佩戴,05_金属首饰与佩戴,,1786442897,37615,transcribed,/Users/wenjiechen/Desktop/gemology-kb/library/01_video/05_金属首饰与佩戴,,https://www.bilibili.com/video/BV15kui6XE6a
BV1dDuJ6GErn,王楚然同款清冷脸，珠宝越干净越高级,02:18,05_金属首饰与佩戴,05_金属首饰与佩戴,,1786014972,969,transcribed,/Users/wenjiechen/Desktop/gemology-kb/library/01_video/05_金属首饰与佩戴,,https://www.bilibili.com/video/BV1dDuJ6GErn
BV1upM16eExF,七夕送礼看这儿~珠宝搭配攻略来了,01:38,05_金属首饰与佩戴,05_金属首饰与佩戴,,1785924216,585,transcribed,/Users/wenjiechen/Desktop/gemology-kb/library/01_video/05_金属首饰与佩戴,,https://www.bilibili.com/video/BV1upM16eExF
BV1UnGP6tEma,蓝宝石怎么挑？颜色净度切工产地一次讲透,08:22,02_彩色宝石,02_彩色宝石,,1785505698,1518,transcribed,/Users/wenjiechen/Desktop/gemology-kb/library/01_video/02_彩色宝石,,https://www.bilibili.com/video/BV1UnGP6tEma
BV16GgC6nEZm,杨幂风女生，珠宝要够利落别太乖,01:58,11_其他,11_其他,,1784714719,840,transcribed,/Users/wenjiechen/Desktop/gemology-kb/library/01_video/11_其他,,https://www.bilibili.com/video/BV16GgC6nEZm
BV1gPKm6qEQh,买彩宝别上头！这4种买了就后悔,03:55,02_彩色宝石,02_彩色宝石,,1784541724,10970,transcribed,/Users/wenjiechen/Desktop/gemology-kb/library/01_video/02_彩色宝石,,https://www.bilibili.com/video/BV1gPKm6qEQh
BV1HsKP6PEvN,NGTC沉香鉴赏师开课啦！专业不容错过~,02:25,04_有机宝石,04_有机宝石,,1784370152,495,transcribed,/Users/wenjiechen/Desktop/gemology-kb/library/01_video/04_有机宝石,,https://www.bilibili.com/video/BV1HsKP6PEvN
BV12PKn6QEjA,尖晶石专场｜帕帕拉恰色、绝地、奶盖一次看够,03:34,02_彩色宝石,02_彩色宝石,,1784282991,1287,transcribed,/Users/wenjiechen/Desktop/gemology-kb/library/01_video/02_彩色宝石,,https://www.bilibili.com/video/BV12PKn6QEjA
BV1gfNi6TE4F,1千多！天然彩宝18k金镶嵌~真香！,02:22,02_彩色宝石,02_彩色宝石,,1784113559,1363,transcribed,/Users/wenjiechen/Desktop/gemology-kb/library/01_video/02_彩色宝石,,https://www.bilibili.com/video/BV1gfNi6TE4F
BV1YvNt6DER2,珠宝人出差带什么？客户选品大公开,02:57,08_行业与商业,08_行业与商业,,1784029793,1080,transcribed,/Users/wenjiechen/Desktop/gemology-kb/library/01_video/08_行业与商业,,https://www.bilibili.com/video/BV1YvNt6DER2
BV1ryNJ6kEdv,赵露思同款甜妹脸，珠宝这样选准没错！,02:07,05_金属首饰与佩戴,05_金属首饰与佩戴,,1783682638,1062,transcribed,/Users/wenjiechen/Desktop/gemology-kb/library/01_video/05_金属首饰与佩戴,,https://www.bilibili.com/video/BV1ryNJ6kEdv
BV1CsME67EE5,珠宝圈千万大瓜！换货出逃...离大谱了,05:07,11_其他,11_其他,,1783591344,4391,transcribed,/Users/wenjiechen/Desktop/gemology-kb/library/01_video/11_其他,,https://www.bilibili.com/video/BV1CsME67EE5
BV1XGM36GE2t,红宝开箱｜买珠宝，是为了取悦自己！,02:10,02_彩色宝石,02_彩色宝石,,1783504880,1096,transcribed,/Users/wenjiechen/Desktop/gemology-kb/library/01_video/02_彩色宝石,,https://www.bilibili.com/video/BV1XGM36GE2t
BV1zQMb6zEa4,7月生辰石红宝石，从入门到收藏都有了,03:49,02_彩色宝石,02_彩色宝石,,1783425140,904,transcribed,/Users/wenjiechen/Desktop/gemology-kb/library/01_video/02_彩色宝石,,https://www.bilibili.com/video/BV1zQMb6zEa4
BV1eoTE6aEeS,金价波动大，理财选黄金还是彩宝？,05:36,02_彩色宝石,02_彩色宝石,,1783072800,1197,transcribed,/Users/wenjiechen/Desktop/gemology-kb/library/01_video/02_彩色宝石,,https://www.bilibili.com/video/BV1eoTE6aEeS
BV1r4TY6EEpv,明价彩宝，别只看价格！这几点更重要,02:27,02_彩色宝石,02_彩色宝石,,1782900000,1704,transcribed,/Users/wenjiechen/Desktop/gemology-kb/library/01_video/02_彩色宝石,,https://www.bilibili.com/video/BV1r4TY6EEpv
BV17fKD64EgD,迪丽热巴浓颜系长相，珠宝这样选就对了,02:47,07_行情与选购,07_行情与选购,,1782737198,678,transcribed,/Users/wenjiechen/Desktop/gemology-kb/library/01_video/07_行情与选购,,https://www.bilibili.com/video/BV17fKD64EgD
BV1ah7p6wE7p,蓝宝上新｜你们催的性价比款，终于来了,02:01,02_彩色宝石,02_彩色宝石,,1782554472,1094,transcribed,/Users/wenjiechen/Desktop/gemology-kb/library/01_video/02_彩色宝石,,https://www.bilibili.com/video/BV1ah7p6wE7p
BV1pS736nEzr,红宝上新｜几千到小万，性价比天花板,02:56,02_彩色宝石,02_彩色宝石,,1782468000,874,transcribed,/Users/wenjiechen/Desktop/gemology-kb/library/01_video/02_彩色宝石,,https://www.bilibili.com/video/BV1pS736nEzr
BV1WH7h63EdP,年中特惠专场来啦！全场彩宝明价局,01:33,02_彩色宝石,02_彩色宝石,,1782381600,821,transcribed,/Users/wenjiechen/Desktop/gemology-kb/library/01_video/02_彩色宝石,,https://www.bilibili.com/video/BV1WH7h63EdP
BV1rnjR6NEHs,去香港珠宝展逛了两天，我发现行业真的变了,11:07,08_行业与商业,08_行业与商业,,1782299114,16063,transcribed,/Users/wenjiechen/Desktop/gemology-kb/library/01_video/08_行业与商业,,https://www.bilibili.com/video/BV1rnjR6NEHs
BV19ejC6dEd3,带大家沉浸式逛香港珠宝展,03:39,08_行业与商业,08_行业与商业,,1781918748,1441,transcribed,/Users/wenjiechen/Desktop/gemology-kb/library/01_video/08_行业与商业,,https://www.bilibili.com/video/BV19ejC6dEd3
BV1mYjc6tEpZ,2026珠宝怎么买？拍卖行与老许给出了同一份答案,06:13,07_行情与选购,07_行情与选购,,1781772001,876,transcribed,/Users/wenjiechen/Desktop/gemology-kb/library/01_video/07_行情与选购,,https://www.bilibili.com/video/BV1mYjc6tEpZ
BV1QyjV6qE9B,永乐春拍探库| 什么作品能上拍？现场解密,04:47,08_行业与商业,08_行业与商业,,1781613454,743,transcribed,/Users/wenjiechen/Desktop/gemology-kb/library/01_video/08_行业与商业,,https://www.bilibili.com/video/BV1QyjV6qE9B
BV15Yju68EuH,我们带着战马、五神兽上永乐拍卖啦！,05:23,08_行业与商业,08_行业与商业,,1781589920,762,transcribed,/Users/wenjiechen/Desktop/gemology-kb/library/01_video/08_行业与商业,,https://www.bilibili.com/video/BV15Yju68EuH
BV1FuJH6LEhi,永乐拍卖图录开箱！看到我们的产品啦~,00:57,08_行业与商业,08_行业与商业,,1781344800,628,transcribed,/Users/wenjiechen/Desktop/gemology-kb/library/01_video/08_行业与商业,,https://www.bilibili.com/video/BV1FuJH6LEhi
BV1SCEy64EY6,沉香怎么成了珠宝品牌的“流量密码”？,05:57,04_有机宝石,04_有机宝石,,1781264543,565,transcribed,/Users/wenjiechen/Desktop/gemology-kb/library/01_video/04_有机宝石,,https://www.bilibili.com/video/BV1SCEy64EY6
BV1SNEv6hEcW,618低价彩宝陷阱，这些再便宜都别买！,04:03,02_彩色宝石,02_彩色宝石,,1781172000,1617,transcribed,/Users/wenjiechen/Desktop/gemology-kb/library/01_video/02_彩色宝石,,https://www.bilibili.com/video/BV1SNEv6hEcW
BV194E76pEwj,买彩宝只看颜色？难怪你踩坑！这8点才是关键,08:16,02_彩色宝石,02_彩色宝石,,1781003437,1917,transcribed,/Users/wenjiechen/Desktop/gemology-kb/library/01_video/02_彩色宝石,,https://www.bilibili.com/video/BV194E76pEwj
BV1vd7r6oEZT,武当山联名吊坠出货啦！工艺与颜值并存~,03:13,05_金属首饰与佩戴,05_金属首饰与佩戴,,1780653600,288,transcribed,/Users/wenjiechen/Desktop/gemology-kb/library/01_video/05_金属首饰与佩戴,,https://www.bilibili.com/video/BV1vd7r6oEZT
BV1xn796gEwz,2026香港珠宝展|6大板块趋势+避坑清单,10:12,06_鉴定与避坑,06_鉴定与避坑,,1780485496,1637,transcribed,/Users/wenjiechen/Desktop/gemology-kb/library/01_video/06_鉴定与避坑,,https://www.bilibili.com/video/BV1xn796gEwz
BV11fVB6WEth,五行隔珠丨可玩性和寓意都拉满了~,03:20,04_有机宝石,04_有机宝石,,1780393864,9100,transcribed,/Users/wenjiechen/Desktop/gemology-kb/library/01_video/04_有机宝石,,https://www.bilibili.com/video/BV11fVB6WEth
BV1QyGX6KE8L,珠宝人的618来啦！品类超全快来捡漏,01:25,07_行情与选购,07_行情与选购,,1779962400,1437,transcribed,/Users/wenjiechen/Desktop/gemology-kb/library/01_video/07_行情与选购,,https://www.bilibili.com/video/BV1QyGX6KE8L
BV1A6VA6SEEB,方竹戒指｜外方内圆，转出时来运转,02:36,05_金属首饰与佩戴,05_金属首饰与佩戴,,1779789600,1319,transcribed,/Users/wenjiechen/Desktop/gemology-kb/library/01_video/05_金属首饰与佩戴,,https://www.bilibili.com/video/BV1A6VA6SEEB
BV1czGB65EuE,6月生辰石｜珍珠这样买，省一半钱,02:36,04_有机宝石,04_有机宝石,,1779539195,1216,transcribed,/Users/wenjiechen/Desktop/gemology-kb/library/01_video/04_有机宝石,,https://www.bilibili.com/video/BV1czGB65EuE
BV1qALe6AEkc,新品两戴款“穗与星河”不张扬自发光,03:38,05_金属首饰与佩戴,05_金属首饰与佩戴,,1779415606,10015,transcribed,/Users/wenjiechen/Desktop/gemology-kb/library/01_video/05_金属首饰与佩戴,,https://www.bilibili.com/video/BV1qALe6AEkc
BV1XzLq6NETh,好久没上新，终于来新货了！🎉 这批彩色蓝宝石，我重点想讲切工，老许家的xu cut系列我不允许你不知道！,03:01,02_彩色宝石,02_彩色宝石,,1779182794,1898,transcribed,/Users/wenjiechen/Desktop/gemology-kb/library/01_video/02_彩色宝石,,https://www.bilibili.com/video/BV1XzLq6NETh
BV1ipLg6wECn,520心动信号，藏在珠宝里,01:21,11_其他,11_其他,,1778917554,1164,transcribed,/Users/wenjiechen/Desktop/gemology-kb/library/01_video/11_其他,,https://www.bilibili.com/video/BV1ipLg6wECn
BV1Mu5Y6jEZj,天然彩宝 vs 培育彩宝，真相了！别再闭眼入！,06:40,02_彩色宝石,02_彩色宝石,,1778825599,3716,transcribed,/Users/wenjiechen/Desktop/gemology-kb/library/01_video/02_彩色宝石,,https://www.bilibili.com/video/BV1Mu5Y6jEZj
BV16x5g6KEnJ,新品“平安果”能打开！藏着你不敢说的小心愿,02:44,09_品牌新品与动态,09_品牌新品与动态,,1778585396,2278,transcribed,/Users/wenjiechen/Desktop/gemology-kb/library/01_video/09_品牌新品与动态,,https://www.bilibili.com/video/BV16x5g6KEnJ
BV1SF9vBmEt3,东方美学顶流！五大神兽之朱雀,03:45,10_珠宝文化与故事,10_珠宝文化与故事,,1777552624,7320,transcribed,/Users/wenjiechen/Desktop/gemology-kb/library/01_video/10_珠宝文化与故事,,https://www.bilibili.com/video/BV1SF9vBmEt3
BV1yNoQBFEfV,🐉新品｜五大神兽·青龙首发！中国传统“奢侈品”,03:41,09_品牌新品与动态,09_品牌新品与动态,,1777119423,4410,transcribed,/Users/wenjiechen/Desktop/gemology-kb/library/01_video/09_品牌新品与动态,,https://www.bilibili.com/video/BV1yNoQBFEfV
BV1iqdhB9Eqn,内行人选沉香，看这几点就够了！捡漏？需谨慎💥,05:35,04_有机宝石,04_有机宝石,,1776327376,1217,transcribed,/Users/wenjiechen/Desktop/gemology-kb/library/01_video/04_有机宝石,,https://www.bilibili.com/video/BV1iqdhB9Eqn
BV1yPQ8BXE4v,2026珠宝收藏风向，永乐专场见！,04:32,09_品牌新品与动态,09_品牌新品与动态,,1776077868,1126,transcribed,/Users/wenjiechen/Desktop/gemology-kb/library/01_video/09_品牌新品与动态,,https://www.bilibili.com/video/BV1yPQ8BXE4v
BV1pHQPBLExb,内行人选翡翠看什么？3分钟看懂,03:25,03_玉石,03_玉石,,1775829844,1041,transcribed,/Users/wenjiechen/Desktop/gemology-kb/library/01_video/03_玉石,,https://www.bilibili.com/video/BV1pHQPBLExb
BV1WUDWBvE7f,沉香和珍珠，诞生方式是一样的？,02:16,04_有机宝石,04_有机宝石,,1775724229,522,transcribed,/Users/wenjiechen/Desktop/gemology-kb/library/01_video/04_有机宝石,,https://www.bilibili.com/video/BV1WUDWBvE7f
BV1qdSfBXELS,4.15见｜战马，把战意戴在身上,02:37,05_金属首饰与佩戴,05_金属首饰与佩戴,,1775474948,5469,transcribed,/Users/wenjiechen/Desktop/gemology-kb/library/01_video/05_金属首饰与佩戴,,https://www.bilibili.com/video/BV1qdSfBXELS
BV1TH9FB2Ekf,刚从永乐拍卖回来，高货实在是太多了...,02:15,08_行业与商业,08_行业与商业,,1775132929,921,transcribed,/Users/wenjiechen/Desktop/gemology-kb/library/01_video/08_行业与商业,,https://www.bilibili.com/video/BV1TH9FB2Ekf
BV1wJfiBpETo,象征友情的橙色，都在这颗芬达石里了,01:28,02_彩色宝石,02_彩色宝石,,1772080075,8497,transcribed,/Users/wenjiechen/Desktop/gemology-kb/library/01_video/02_彩色宝石,,https://www.bilibili.com/video/BV1wJfiBpETo
BV1B6ZLBWE1i,怎么把“瞬间与永恒”，做进一件首饰里？,01:54,05_金属首饰与佩戴,05_金属首饰与佩戴,,1771063200,3184,transcribed,/Users/wenjiechen/Desktop/gemology-kb/library/01_video/05_金属首饰与佩戴,,https://www.bilibili.com/video/BV1B6ZLBWE1i
BV1NCchzEEwB,上难度！沉香×猛犸燕燕尾榫卯手串,03:08,04_有机宝石,04_有机宝石,,1770890400,61068,transcribed,/Users/wenjiechen/Desktop/gemology-kb/library/01_video/04_有机宝石,,https://www.bilibili.com/video/BV1NCchzEEwB
BV12UFQzrEWD,为什么老玩家都偏爱干车沉香？,03:31,04_有机宝石,04_有机宝石,,1770720575,1505,transcribed,/Users/wenjiechen/Desktop/gemology-kb/library/01_video/04_有机宝石,,https://www.bilibili.com/video/BV12UFQzrEWD
BV1F1FCzrEzi,挑战沉香工艺极限：这三种超精工珠型有多难？,03:15,04_有机宝石,04_有机宝石,,1770376080,1103,transcribed,/Users/wenjiechen/Desktop/gemology-kb/library/01_video/04_有机宝石,,https://www.bilibili.com/video/BV1F1FCzrEzi
BV1AqFazEEfz,珠宝人做的沉香，到底有哪里不一样？,02:48,04_有机宝石,04_有机宝石,,1770291176,1130,transcribed,/Users/wenjiechen/Desktop/gemology-kb/library/01_video/04_有机宝石,,https://www.bilibili.com/video/BV1AqFazEEfz
BV1yPzMBFEQ1,你的沉香手串松垮？真不怪你！,01:00,04_有机宝石,04_有机宝石,,1769168483,1220,transcribed,/Users/wenjiechen/Desktop/gemology-kb/library/01_video/04_有机宝石,,https://www.bilibili.com/video/BV1yPzMBFEQ1
BV1EJk7BQEEr,我们为什么按珠宝标准做沉香？,01:42,04_有机宝石,04_有机宝石,,1768905015,1056,transcribed,/Users/wenjiechen/Desktop/gemology-kb/library/01_video/04_有机宝石,,https://www.bilibili.com/video/BV1EJk7BQEEr
BV1vwrkBjE1G,珠宝人生存法则丨2026行业寒冬该如何度过？,05:52,08_行业与商业,08_行业与商业,,1768561487,1800,transcribed,/Users/wenjiechen/Desktop/gemology-kb/library/01_video/08_行业与商业,,https://www.bilibili.com/video/BV1vwrkBjE1G
BV1116UB7En4,2026开年必看，黄金翡翠新品上新太戳我,03:04,03_玉石,03_玉石,,1768058038,3116,transcribed,/Users/wenjiechen/Desktop/gemology-kb/library/01_video/03_玉石,,https://www.bilibili.com/video/BV1116UB7En4
BV1LZi7BPETM,2026，你的第一颗彩宝选好了吗？,01:13,02_彩色宝石,02_彩色宝石,,1767531236,2058,transcribed,/Users/wenjiechen/Desktop/gemology-kb/library/01_video/02_彩色宝石,,https://www.bilibili.com/video/BV1LZi7BPETM
BV1QEBDBdEJK,行业大洗牌：未来能活下来的珠宝品牌长啥样,08:08,08_行业与商业,08_行业与商业,,1766656800,1959,transcribed,/Users/wenjiechen/Desktop/gemology-kb/library/01_video/08_行业与商业,,https://www.bilibili.com/video/BV1QEBDBdEJK
BV1EdBFBbE7j,明代首饰盘点丨当金子不用来花…,06:23,05_金属首饰与佩戴,05_金属首饰与佩戴,,1766146661,7676,transcribed,/Users/wenjiechen/Desktop/gemology-kb/library/01_video/05_金属首饰与佩戴,,https://www.bilibili.com/video/BV1EdBFBbE7j
BV12XmRBHEXt,2025永樂秋賣丨宝石学家眼中的必看拍品,04:16,02_彩色宝石,02_彩色宝石,,1765630552,1089,transcribed,/Users/wenjiechen/Desktop/gemology-kb/library/01_video/02_彩色宝石,,https://www.bilibili.com/video/BV12XmRBHEXt
BV1ypmmBfE67,新年一点红 宝石不踩坑丨凤凰涅槃设计款,04:51,02_彩色宝石,02_彩色宝石,,1765546572,1244,transcribed,/Users/wenjiechen/Desktop/gemology-kb/library/01_video/02_彩色宝石,,https://www.bilibili.com/video/BV1ypmmBfE67
BV1Mk14BBEvD,比拿铁还难的榫卯工艺？老山檀×水牛角手串,03:32,04_有机宝石,04_有机宝石,,1762346763,1317,transcribed,/Users/wenjiechen/Desktop/gemology-kb/library/01_video/04_有机宝石,,https://www.bilibili.com/video/BV1Mk14BBEvD
BV1jP1jB9EiZ,谁说危料翡翠不如缅料？这不就是！,05:38,03_玉石,03_玉石,,1761994456,1925,transcribed,/Users/wenjiechen/Desktop/gemology-kb/library/01_video/03_玉石,,https://www.bilibili.com/video/BV1jP1jB9EiZ
BV1uGySBeE1V,不是所有“翠”都叫翡翠！危料与非洲翠区别,03:50,03_玉石,03_玉石,,1761733467,3990,transcribed,/Users/wenjiechen/Desktop/gemology-kb/library/01_video/03_玉石,,https://www.bilibili.com/video/BV1uGySBeE1V
BV1EJsBznEVP,为什么你买的榫卯手串，和图永远不一样？,03:01,04_有机宝石,04_有机宝石,,1761213600,2798,transcribed,/Users/wenjiechen/Desktop/gemology-kb/library/01_video/04_有机宝石,,https://www.bilibili.com/video/BV1EJsBznEVP
BV1M3W4zPEAT,13周年，以新相许丨重磅礼盒，抢先体验！,02:48,09_品牌新品与动态,09_品牌新品与动态,,1760782470,1375,transcribed,/Users/wenjiechen/Desktop/gemology-kb/library/01_video/09_品牌新品与动态,,https://www.bilibili.com/video/BV1M3W4zPEAT
BV1mZ4Bz3EHH,危料翡翠会成为下一个“莫桑比克红宝石”？,06:03,01_钻石,01_钻石,,1760527584,4249,transcribed,/Users/wenjiechen/Desktop/gemology-kb/library/01_video/01_钻石,,https://www.bilibili.com/video/BV1mZ4Bz3EHH
BV1JHHHzPEJq,危料翡翠是“潜力股”还是“智商税”？,05:33,03_玉石,03_玉石,,1759309555,11400,transcribed,/Users/wenjiechen/Desktop/gemology-kb/library/01_video/03_玉石,,https://www.bilibili.com/video/BV1JHHHzPEJq
BV1tcW3zREQS,猜猜我在香港珠宝展发现了什么？,00:26,08_行业与商业,08_行业与商业,,1758278957,1199,transcribed,/Users/wenjiechen/Desktop/gemology-kb/library/01_video/08_行业与商业,,https://www.bilibili.com/video/BV1tcW3zREQS
BV1U1HYzjEvJ,非遗工艺·榫卯手串丨老山檀×猛犸牙,03:46,04_有机宝石,04_有机宝石,,1757589000,8560,transcribed,/Users/wenjiechen/Desktop/gemology-kb/library/01_video/04_有机宝石,,https://www.bilibili.com/video/BV1U1HYzjEvJ
BV1HihyzxEwG,不开滤镜！看看6位数的彩钻火彩有多闪...,03:14,01_钻石,01_钻石,,1756377962,2762,transcribed,/Users/wenjiechen/Desktop/gemology-kb/library/01_video/01_钻石,,https://www.bilibili.com/video/BV1HihyzxEwG
BV11Xe1zVE1B,9 月港展：26 年行情风向藏在这些细节里？,09:23,07_行情与选购,07_行情与选购,,1756292543,1509,transcribed,/Users/wenjiechen/Desktop/gemology-kb/library/01_video/07_行情与选购,,https://www.bilibili.com/video/BV11Xe1zVE1B
BV1K9ewz9E5Z,珠宝人注意！9月NGTC沉香研学报名开启,01:34,04_有机宝石,04_有机宝石,,1755599848,745,transcribed,/Users/wenjiechen/Desktop/gemology-kb/library/01_video/04_有机宝石,,https://www.bilibili.com/video/BV1K9ewz9E5Z
BV1r5tmzxEVS,手型适配指南：你的宝石形状选对了吗？,01:51,02_彩色宝石,02_彩色宝石,,1754653435,2480,transcribed,/Users/wenjiechen/Desktop/gemology-kb/library/01_video/02_彩色宝石,,https://www.bilibili.com/video/BV1r5tmzxEVS
BV18Gtcz3EX6,2025了，还死磕无烧宝石？醒醒吧！,03:51,02_彩色宝石,02_彩色宝石,,1754455200,4459,transcribed,/Users/wenjiechen/Desktop/gemology-kb/library/01_video/02_彩色宝石,,https://www.bilibili.com/video/BV18Gtcz3EX6
BV1dAhHzUEeh,靠谱吗？用鉴定宝石的方式，看沉香真假,03:08,02_彩色宝石,02_彩色宝石,,1754046967,4935,transcribed,/Users/wenjiechen/Desktop/gemology-kb/library/01_video/02_彩色宝石,,https://www.bilibili.com/video/BV1dAhHzUEeh
BV1ARhwzVERh,阿里巴巴×NGTC沉香产业链,01:47,04_有机宝石,04_有机宝石,,1753873332,747,transcribed,/Users/wenjiechen/Desktop/gemology-kb/library/01_video/04_有机宝石,,https://www.bilibili.com/video/BV1ARhwzVERh
BV1kf8XzmE6b,央行出手！8月执行，贵金属和宝石交易新规,04:07,02_彩色宝石,02_彩色宝石,,1753761875,3430,transcribed,/Users/wenjiechen/Desktop/gemology-kb/library/01_video/02_彩色宝石,,https://www.bilibili.com/video/BV1kf8XzmE6b
BV17ku9zdEYc,2025推荐！5K-1W预算能入手哪些彩宝？,02:37,【合集】彩宝选购合集,02_彩色宝石,彩宝选购合集,1752923421,6915,transcribed,/Users/wenjiechen/Desktop/gemology-kb/library/01_video/【合集】彩宝选购合集,,https://www.bilibili.com/video/BV17ku9zdEYc
BV1SquEzGE8n,精切专场！一键get到明星同款的闪耀✨,01:49,05_金属首饰与佩戴,05_金属首饰与佩戴,,1752573765,16217,transcribed,/Users/wenjiechen/Desktop/gemology-kb/library/01_video/05_金属首饰与佩戴,,https://www.bilibili.com/video/BV1SquEzGE8n
BV1SUG3zaETr,同克拉祖母绿，为什么价差万倍?😱,03:57,【合集】彩宝选购合集,02_彩色宝石,彩宝选购合集,1752143788,6057,transcribed,/Users/wenjiechen/Desktop/gemology-kb/library/01_video/【合集】彩宝选购合集,,https://www.bilibili.com/video/BV1SUG3zaETr
BV1Pe3VzoEau,2天吃透千亿沉香赛道💰搞钱密码GET！,02:11,04_有机宝石,04_有机宝石,,1751623200,2018,transcribed,/Users/wenjiechen/Desktop/gemology-kb/library/01_video/04_有机宝石,,https://www.bilibili.com/video/BV1Pe3VzoEau
BV1n43tzZEDU,彩宝防晒冷知识！90%人不知道,02:20,02_彩色宝石,02_彩色宝石,,1751454677,8080,transcribed,/Users/wenjiechen/Desktop/gemology-kb/library/01_video/02_彩色宝石,,https://www.bilibili.com/video/BV1n43tzZEDU
BV1pVKozaErS,顶级金绿猫眼能升值？3招教你品鉴,02:33,02_彩色宝石,02_彩色宝石,,1750934256,10425,transcribed,/Users/wenjiechen/Desktop/gemology-kb/library/01_video/02_彩色宝石,,https://www.bilibili.com/video/BV1pVKozaErS
BV1B4Mzz2Eat,2天速通沉香全产业链！NGTC证书get✅,01:41,04_有机宝石,04_有机宝石,,1749814151,1967,transcribed,/Users/wenjiechen/Desktop/gemology-kb/library/01_video/04_有机宝石,,https://www.bilibili.com/video/BV1B4Mzz2Eat
BV17G7pzsEZM,黄金纯度陷阱：足金、千、万足金的区别究竟在哪？,02:32,05_金属首饰与佩戴,05_金属首饰与佩戴,,1748614975,7224,transcribed,/Users/wenjiechen/Desktop/gemology-kb/library/01_video/05_金属首饰与佩戴,,https://www.bilibili.com/video/BV17G7pzsEZM
BV1hsjqzUEKv,3分钟揭秘大品牌珠串贵 10 倍的 5 个真相！,04:08,06_鉴定与避坑,06_鉴定与避坑,,1748427511,3087,transcribed,/Users/wenjiechen/Desktop/gemology-kb/library/01_video/06_鉴定与避坑,,https://www.bilibili.com/video/BV1hsjqzUEKv
BV1p9jnzREuF,黄杨钿甜 230 万耳环！宝石火彩竟能炸出彩虹？,03:16,02_彩色宝石,02_彩色宝石,,1747996177,13474,transcribed,/Users/wenjiechen/Desktop/gemology-kb/library/01_video/02_彩色宝石,,https://www.bilibili.com/video/BV1p9jnzREuF
BV16XJqz3EfA,珠宝人618年中大促 没有套路就是立减~,01:06,06_鉴定与避坑,06_鉴定与避坑,,1747826386,1604,transcribed,/Users/wenjiechen/Desktop/gemology-kb/library/01_video/06_鉴定与避坑,,https://www.bilibili.com/video/BV16XJqz3EfA
BV18LERziEgj,珠宝平替红黑榜！花小钱装大款的秘密全在这！,04:06,06_鉴定与避坑,06_鉴定与避坑,,1747653842,9605,transcribed,/Users/wenjiechen/Desktop/gemology-kb/library/01_video/06_鉴定与避坑,,https://www.bilibili.com/video/BV18LERziEgj
BV1CVEWziEs1,培育钻石搅局，珠宝人如何在变局中求生？,04:18,01_钻石,01_钻石,,1747368087,2188,transcribed,/Users/wenjiechen/Desktop/gemology-kb/library/01_video/01_钻石,,https://www.bilibili.com/video/BV1CVEWziEs1
BV1L8EvzsETH,关税影响珠宝行业震荡，3 大危机正在爆发！,03:22,08_行业与商业,08_行业与商业,,1747219716,5230,transcribed,/Users/wenjiechen/Desktop/gemology-kb/library/01_video/08_行业与商业,,https://www.bilibili.com/video/BV1L8EvzsETH
BV1qC5TzTEGf,被低估的番禺！扒开全球珠宝供应链的 “隐形霸主” 真面目,03:45,08_行业与商业,08_行业与商业,,1746703302,2145,transcribed,/Users/wenjiechen/Desktop/gemology-kb/library/01_video/08_行业与商业,,https://www.bilibili.com/video/BV1qC5TzTEGf
BV1QEVUzrEW9,想入珠宝行？ 3 天精品课带你弯道超车！,02:42,08_行业与商业,08_行业与商业,,1746526408,1695,transcribed,/Users/wenjiechen/Desktop/gemology-kb/library/01_video/08_行业与商业,,https://www.bilibili.com/video/BV1QEVUzrEW9
BV1fPGhzPEDT,挖到宝！寺庙 / 明星都在合作的「疗愈珠宝供应链」全揭秘！,11:57,06_鉴定与避坑,06_鉴定与避坑,,1746034882,9695,transcribed,/Users/wenjiechen/Desktop/gemology-kb/library/01_video/06_鉴定与避坑,,https://www.bilibili.com/video/BV1fPGhzPEDT
BV1UjL3zNEuo,金价暴涨！番禺靠 K 金 / 铂金逆风翻盘？,02:37,05_金属首饰与佩戴,05_金属首饰与佩戴,,1745491903,1844,transcribed,/Users/wenjiechen/Desktop/gemology-kb/library/01_video/05_金属首饰与佩戴,,https://www.bilibili.com/video/BV1UjL3zNEuo
BV1Dv5QznEb7,加征关税暴击！中国珠宝供应链迎生死大考？,03:11,08_行业与商业,08_行业与商业,,1745381318,2399,transcribed,/Users/wenjiechen/Desktop/gemology-kb/library/01_video/08_行业与商业,,https://www.bilibili.com/video/BV1Dv5QznEb7
BV1H8oMYyEXH,设计款开大会 看看你中意哪个款？,00:23,05_金属首饰与佩戴,05_金属首饰与佩戴,,1744800036,3265,transcribed,/Users/wenjiechen/Desktop/gemology-kb/library/01_video/05_金属首饰与佩戴,,https://www.bilibili.com/video/BV1H8oMYyEXH
BV1ZLddYvExm,2025 转型疗愈赛道的 3 个“生死逻辑”！,02:09,08_行业与商业,08_行业与商业,,1744452000,1957,transcribed,/Users/wenjiechen/Desktop/gemology-kb/library/01_video/08_行业与商业,,https://www.bilibili.com/video/BV1ZLddYvExm
BV1MddRYJENC,金价越来越高 每天都要来检查一下我的黄金,00:21,05_金属首饰与佩戴,05_金属首饰与佩戴,,1744430583,18678,transcribed,/Users/wenjiechen/Desktop/gemology-kb/library/01_video/05_金属首饰与佩戴,,https://www.bilibili.com/video/BV1MddRYJENC
BV1qrdVYmETe,宝石切工、漏底、奶体丝绒感大揭秘，小白必看👀,02:30,02_彩色宝石,02_彩色宝石,,1744282190,26279,transcribed,/Users/wenjiechen/Desktop/gemology-kb/library/01_video/02_彩色宝石,,https://www.bilibili.com/video/BV1qrdVYmETe
BV1xwZmYcEyJ,明星直播间疗愈珠宝大起底！从水晶到星座玄学，真能转运还是心理暗示？,02:48,02_彩色宝石,02_彩色宝石,,1743847200,1592,transcribed,/Users/wenjiechen/Desktop/gemology-kb/library/01_video/02_彩色宝石,,https://www.bilibili.com/video/BV1xwZmYcEyJ
BV1r1fKYkE3K,祖母绿成性价比之王？选购指南来了！,02:31,【合集】彩宝选购合集,02_彩色宝石,彩宝选购合集,1743587416,2421,transcribed,/Users/wenjiechen/Desktop/gemology-kb/library/01_video/【合集】彩宝选购合集,,https://www.bilibili.com/video/BV1r1fKYkE3K
BV1FWZJYGEbY,⚠沉香小白必看！这些坑你踩了吗？,01:42,04_有机宝石,04_有机宝石,,1743419481,10582,transcribed,/Users/wenjiechen/Desktop/gemology-kb/library/01_video/04_有机宝石,,https://www.bilibili.com/video/BV1FWZJYGEbY
BV1jqZcYSEFM,黄金暴涨下的残酷真相！水贝半数商家命悬一线？,01:22,05_金属首饰与佩戴,05_金属首饰与佩戴,,1743239571,2051,transcribed,/Users/wenjiechen/Desktop/gemology-kb/library/01_video/05_金属首饰与佩戴,,https://www.bilibili.com/video/BV1jqZcYSEFM
BV1EgoxYHEMq,🔥四大名木金字塔顶端！比钻石还贵的竟是它？,02:16,01_钻石,01_钻石,,1742896448,6129,transcribed,/Users/wenjiechen/Desktop/gemology-kb/library/01_video/01_钻石,,https://www.bilibili.com/video/BV1EgoxYHEMq
BV1F2XHYiEAa,培育钻风险大揭秘！这雷你踩了吗？,01:32,01_钻石,01_钻石,,1742640900,2188,transcribed,/Users/wenjiechen/Desktop/gemology-kb/library/01_video/01_钻石,,https://www.bilibili.com/video/BV1F2XHYiEAa
BV1mWQoY5EfM,⚠珠宝人必看！2025 贵金属投资指南,01:27,07_行情与选购,07_行情与选购,,1742381302,52993,transcribed,/Users/wenjiechen/Desktop/gemology-kb/library/01_video/07_行情与选购,,https://www.bilibili.com/video/BV1mWQoY5EfM
BV1q5XGYiEMg,听说deepseek在疯狂推荐海蓝宝？究竟有什么魅力？,02:20,【合集】生辰石,02_彩色宝石,生辰石,1742270329,3507,transcribed,/Users/wenjiechen/Desktop/gemology-kb/library/01_video/【合集】生辰石,,https://www.bilibili.com/video/BV1q5XGYiEMg
BV16MQSYGEAP,入场天然彩宝必看！揭秘 2025 行业“生死劫”,01:52,02_彩色宝石,02_彩色宝石,,1742032117,2022,transcribed,/Users/wenjiechen/Desktop/gemology-kb/library/01_video/02_彩色宝石,,https://www.bilibili.com/video/BV16MQSYGEAP
BV1jUQwYzEZV,从珍珠背后看国内外珠宝市场，这样容易崩盘！,02:10,04_有机宝石,04_有机宝石,,1741863270,5225,transcribed,/Users/wenjiechen/Desktop/gemology-kb/library/01_video/04_有机宝石,,https://www.bilibili.com/video/BV1jUQwYzEZV
BV1dXQVYvEGc,创业做水晶必看！这波风口你跟不跟？,04:30,02_彩色宝石,02_彩色宝石,,1741687090,11708,transcribed,/Users/wenjiechen/Desktop/gemology-kb/library/01_video/02_彩色宝石,,https://www.bilibili.com/video/BV1dXQVYvEGc
BV12hRpYpEVk,⚠珠宝人注意！钻石冷清背后，藏着财富密码,01:10,01_钻石,01_钻石,,1741427747,4903,transcribed,/Users/wenjiechen/Desktop/gemology-kb/library/01_video/01_钻石,,https://www.bilibili.com/video/BV12hRpYpEVk
BV1z59nYaE3t,必看！3月港展复盘，珠宝行情暗藏哪些玄机？,05:25,07_行情与选购,07_行情与选购,,1741081029,13703,transcribed,/Users/wenjiechen/Desktop/gemology-kb/library/01_video/07_行情与选购,,https://www.bilibili.com/video/BV1z59nYaE3t
BV1Z4XXYSETK,选帕帕拉恰被坑惨？这些真相你必须知道,01:36,02_彩色宝石,02_彩色宝石,,1740828200,6007,transcribed,/Users/wenjiechen/Desktop/gemology-kb/library/01_video/02_彩色宝石,,https://www.bilibili.com/video/BV1Z4XXYSETK
BV1gL9cYcEWe,2025 九紫离火热度不减！紫蓝宝成新宠？,01:23,【合集】彩宝选购合集,02_彩色宝石,彩宝选购合集,1740651709,5676,transcribed,/Users/wenjiechen/Desktop/gemology-kb/library/01_video/【合集】彩宝选购合集,,https://www.bilibili.com/video/BV1gL9cYcEWe
BV142Pee5EX4,水贝VS老铺：黄金行业大洗牌，谁在改写游戏规则？,05:38,05_金属首饰与佩戴,05_金属首饰与佩戴,,1740476918,9021,transcribed,/Users/wenjiechen/Desktop/gemology-kb/library/01_video/05_金属首饰与佩戴,,https://www.bilibili.com/video/BV142Pee5EX4
BV1biAWe7EVK,开年第一爆！红宝石凭什么卖疯了💥,02:52,02_彩色宝石,02_彩色宝石,,1740049650,5320,transcribed,/Users/wenjiechen/Desktop/gemology-kb/library/01_video/02_彩色宝石,,https://www.bilibili.com/video/BV1biAWe7EVK
BV1x5AaeeEEy,老铺黄金市值747亿超周大福，等于六大品牌总和！！,02:17,05_金属首饰与佩戴,05_金属首饰与佩戴,,1739870662,12597,transcribed,/Users/wenjiechen/Desktop/gemology-kb/library/01_video/05_金属首饰与佩戴,,https://www.bilibili.com/video/BV1x5AaeeEEy
BV1oyAPegEA1,疗愈珠宝爆火真相！抓住新风口,01:48,08_行业与商业,08_行业与商业,,1739612766,2889,transcribed,/Users/wenjiechen/Desktop/gemology-kb/library/01_video/08_行业与商业,,https://www.bilibili.com/video/BV1oyAPegEA1
BV1TkNBe4EaK,这届年轻人珠宝消费大不同！你属于哪种？,02:17,07_行情与选购,07_行情与选购,,1739271998,4476,transcribed,/Users/wenjiechen/Desktop/gemology-kb/library/01_video/07_行情与选购,,https://www.bilibili.com/video/BV1TkNBe4EaK
BV1cPN3eBEQu,钻石证书也有假？3招教你避开套证陷阱！,01:30,【合集】钻石购买攻略合集,01_钻石,钻石购买攻略合集,1739013379,23237,transcribed,/Users/wenjiechen/Desktop/gemology-kb/library/01_video/【合集】钻石购买攻略合集,,https://www.bilibili.com/video/BV1cPN3eBEQu
BV12if6Y2EQk,散客去源头买宝石？这坑千万别踩！,03:18,02_彩色宝石,02_彩色宝石,,1738663200,12789,transcribed,/Users/wenjiechen/Desktop/gemology-kb/library/01_video/02_彩色宝石,,https://www.bilibili.com/video/BV12if6Y2EQk
BV1DqfdYwEz2,尖晶选购指南来啦！那么多颜色该怎么选？,05:00,【合集】彩宝选购合集,02_彩色宝石,彩宝选购合集,1738404000,8995,transcribed,/Users/wenjiechen/Desktop/gemology-kb/library/01_video/【合集】彩宝选购合集,,https://www.bilibili.com/video/BV1DqfdYwEz2
BV1xbfVYqEU4,祖母绿选购必看！详细购买指南（下）,04:41,【合集】彩宝选购合集,02_彩色宝石,彩宝选购合集,1737885600,5604,transcribed,/Users/wenjiechen/Desktop/gemology-kb/library/01_video/【合集】彩宝选购合集,,https://www.bilibili.com/video/BV1xbfVYqEU4
BV1TvfbYUEWs,别错过！2025 年祖母绿选购全攻略（上）,03:54,【合集】彩宝选购合集,02_彩色宝石,彩宝选购合集,1737538961,8677,transcribed,/Users/wenjiechen/Desktop/gemology-kb/library/01_video/【合集】彩宝选购合集,,https://www.bilibili.com/video/BV1TvfbYUEWs
BV1GjwpeEEyj,2025年买红宝石，这几点要牢记！,05:21,【合集】彩宝选购合集,02_彩色宝石,彩宝选购合集,1737367036,6040,transcribed,/Users/wenjiechen/Desktop/gemology-kb/library/01_video/【合集】彩宝选购合集,,https://www.bilibili.com/video/BV1GjwpeEEyj
BV1wucReJEKB,对不起让大家失望了...,00:53,11_其他,11_其他,,1737111292,5574,transcribed,/Users/wenjiechen/Desktop/gemology-kb/library/01_video/11_其他,,https://www.bilibili.com/video/BV1wucReJEKB
BV1siwVeCEG4,✨蓝宝石知识大揭秘，购买收藏必看！,04:58,【合集】彩宝选购合集,02_彩色宝石,彩宝选购合集,1737023754,8827,transcribed,/Users/wenjiechen/Desktop/gemology-kb/library/01_video/【合集】彩宝选购合集,,https://www.bilibili.com/video/BV1siwVeCEG4
BV1Y9cAetEVv,🐍蛇年必戴的开运首饰！千万别错过~,01:59,05_金属首饰与佩戴,05_金属首饰与佩戴,,1736591753,6883,transcribed,/Users/wenjiechen/Desktop/gemology-kb/library/01_video/05_金属首饰与佩戴,,https://www.bilibili.com/video/BV1Y9cAetEVv
BV1QbCpYeEUS,为什么All in 去做疗愈珠宝赛道？因为...,07:29,08_行业与商业,08_行业与商业,,1735300838,5290,transcribed,/Users/wenjiechen/Desktop/gemology-kb/library/01_video/08_行业与商业,,https://www.bilibili.com/video/BV1QbCpYeEUS
BV1TbkdYSE4r,都2025年了结婚还只看钻石？婚戒还有很多选择,02:01,01_钻石,01_钻石,,1735039505,8740,transcribed,/Users/wenjiechen/Desktop/gemology-kb/library/01_video/01_钻石,,https://www.bilibili.com/video/BV1TbkdYSE4r
BV1ZDBMYsEHA,摩卡慕斯|潘通2025年流行色宝石有哪些？,02:24,02_彩色宝石,02_彩色宝石,,1734085842,19484,transcribed,/Users/wenjiechen/Desktop/gemology-kb/library/01_video/02_彩色宝石,,https://www.bilibili.com/video/BV1ZDBMYsEHA
BV1zJimYwEjo,蛇年珠宝！福禄灵蛇祝大家好运财富一手抓,02:07,【合集】原创设计首饰,11_其他,原创设计首饰,1733565600,6934,transcribed,/Users/wenjiechen/Desktop/gemology-kb/library/01_video/【合集】原创设计首饰,,https://www.bilibili.com/video/BV1zJimYwEjo
BV1cVznYAE7z,大型猫猫教现场！爱猫人士快来加入喵门吧～,02:07,【合集】原创设计首饰,11_其他,原创设计首饰,1732964183,29639,transcribed,/Users/wenjiechen/Desktop/gemology-kb/library/01_video/【合集】原创设计首饰,,https://www.bilibili.com/video/BV1cVznYAE7z
BV1aYz3YtEyu,今年大火的疗愈珠宝是什么？,04:20,08_行业与商业,08_行业与商业,,1732620401,3622,transcribed,/Users/wenjiechen/Desktop/gemology-kb/library/01_video/08_行业与商业,,https://www.bilibili.com/video/BV1aYz3YtEyu
BV1ifByYREJ3,爱意如潮，浪漫永不凋零~是戒指也是吊坠！,01:16,【合集】原创设计首饰,05_金属首饰与佩戴,原创设计首饰,1732356443,8627,transcribed,/Users/wenjiechen/Desktop/gemology-kb/library/01_video/【合集】原创设计首饰,,https://www.bilibili.com/video/BV1ifByYREJ3
BV1namUYAEi7,星月城堡，守护你的浪漫之选💕,01:11,【合集】原创设计首饰,11_其他,原创设计首饰,1731320201,16661,transcribed,/Users/wenjiechen/Desktop/gemology-kb/library/01_video/【合集】原创设计首饰,,https://www.bilibili.com/video/BV1namUYAEi7
BV14nDZYGEKv,珠宝保养有讲究，这些你做对了吗？,03:09,05_金属首饰与佩戴,05_金属首饰与佩戴,,1731061873,4847,transcribed,/Users/wenjiechen/Desktop/gemology-kb/library/01_video/05_金属首饰与佩戴,,https://www.bilibili.com/video/BV14nDZYGEKv
BV12JDGYLEvY,特朗普上台，对中国的珠宝行业有什么影响？,02:43,08_行业与商业,08_行业与商业,,1730877439,7024,transcribed,/Users/wenjiechen/Desktop/gemology-kb/library/01_video/08_行业与商业,,https://www.bilibili.com/video/BV12JDGYLEvY
BV1WqD8YoEpB,开什么玩笑，这个颜色是芬达石？,02:49,【合集】彩宝选购合集,02_彩色宝石,彩宝选购合集,1730805088,16474,transcribed,/Users/wenjiechen/Desktop/gemology-kb/library/01_video/【合集】彩宝选购合集,,https://www.bilibili.com/video/BV1WqD8YoEpB
BV1CVSRY4Eix,猫猫系列珠宝！XU Cut + 萌猫，爱了😍,01:36,【合集】原创设计首饰,11_其他,原创设计首饰,1730541600,69204,transcribed,/Users/wenjiechen/Desktop/gemology-kb/library/01_video/【合集】原创设计首饰,,https://www.bilibili.com/video/BV1CVSRY4Eix
BV1ne14YeEZ9,谁懂啊！玉兰花与珍珠美的不像话！,01:57,【合集】原创设计首饰,03_玉石,原创设计首饰,1729940549,29311,transcribed,/Users/wenjiechen/Desktop/gemology-kb/library/01_video/【合集】原创设计首饰,,https://www.bilibili.com/video/BV1ne14YeEZ9
BV18TyUYBEb2,彩宝珍珠市场为何越来越火？这些不可忽视,02:06,02_彩色宝石,02_彩色宝石,,1729852220,2418,transcribed,/Users/wenjiechen/Desktop/gemology-kb/library/01_video/02_彩色宝石,,https://www.bilibili.com/video/BV18TyUYBEb2
BV1EUyfYnEYY,金价飙升的原因是什么？还在买黄金吗？,01:10,05_金属首饰与佩戴,05_金属首饰与佩戴,,1729682836,4262,transcribed,/Users/wenjiechen/Desktop/gemology-kb/library/01_video/05_金属首饰与佩戴,,https://www.bilibili.com/video/BV1EUyfYnEYY
BV1haCoY8EFB,12周年庆&双十一来咯！福利也来咯~,00:50,09_品牌新品与动态,09_品牌新品与动态,,1729418400,3174,transcribed,/Users/wenjiechen/Desktop/gemology-kb/library/01_video/09_品牌新品与动态,,https://www.bilibili.com/video/BV1haCoY8EFB
BV1zdC1Y5ELi,谁戴都好看！蓝宝蓝莲花两戴款太高级啦~,01:45,【合集】原创设计首饰,02_彩色宝石,原创设计首饰,1729332000,11950,transcribed,/Users/wenjiechen/Desktop/gemology-kb/library/01_video/【合集】原创设计首饰,,https://www.bilibili.com/video/BV1zdC1Y5ELi
BV1KcmKYWEra,谁在为丝绒感着迷？那这些宝石不能不知道！,01:28,【合集】彩宝选购合集,02_彩色宝石,彩宝选购合集,1729077317,8865,transcribed,/Users/wenjiechen/Desktop/gemology-kb/library/01_video/【合集】彩宝选购合集,,https://www.bilibili.com/video/BV1KcmKYWEra
BV1LfmVYoEpx,蓝色系宝石推荐，你会选什么？,01:54,【合集】彩宝选购合集,02_彩色宝石,彩宝选购合集,1728903268,35363,transcribed,/Users/wenjiechen/Desktop/gemology-kb/library/01_video/【合集】彩宝选购合集,,https://www.bilibili.com/video/BV1LfmVYoEpx
BV1t52hYoEJh,好绝！3D立体效果把鲸跃星辰大海具象化！,01:35,【合集】原创设计首饰,11_其他,原创设计首饰,1728731517,6300,transcribed,/Users/wenjiechen/Desktop/gemology-kb/library/01_video/【合集】原创设计首饰,,https://www.bilibili.com/video/BV1t52hYoEJh
BV1fVxCeVEQd,今年珠宝市场呈现这种情况你发现了吗？,05:20,07_行情与选购,07_行情与选购,,1728036000,5267,transcribed,/Users/wenjiechen/Desktop/gemology-kb/library/01_video/07_行情与选购,,https://www.bilibili.com/video/BV1fVxCeVEQd
BV1nbxke5Eh8,是谁宝石学家老许与许多福傻傻分不清？,00:55,02_彩色宝石,02_彩色宝石,,1727863200,4938,transcribed,/Users/wenjiechen/Desktop/gemology-kb/library/01_video/02_彩色宝石,,https://www.bilibili.com/video/BV1nbxke5Eh8
BV1v9xze8EzF,蝴蝶与蓝宝简直天仙配！浪漫氛围感神器,01:07,【合集】原创设计首饰,02_彩色宝石,原创设计首饰,1727690400,6227,transcribed,/Users/wenjiechen/Desktop/gemology-kb/library/01_video/【合集】原创设计首饰,,https://www.bilibili.com/video/BV1v9xze8EzF
BV1zDxTeGETz,天然钻是不是智商税？钻石还有谁在买？,09:31,【合集】钻石购买攻略合集,01_钻石,钻石购买攻略合集,1727522449,5465,transcribed,/Users/wenjiechen/Desktop/gemology-kb/library/01_video/【合集】钻石购买攻略合集,,https://www.bilibili.com/video/BV1zDxTeGETz
BV1cxseeHEgT,9月香港珠宝展，同行也要看的蕞全复盘！,11:00,08_行业与商业,08_行业与商业,,1727196618,6828,transcribed,/Users/wenjiechen/Desktop/gemology-kb/library/01_video/08_行业与商业,,https://www.bilibili.com/video/BV1cxseeHEgT
BV1xRtresE6x,细节里暗藏玄机，喵喵环游记吊坠太让人上头,01:28,【合集】原创设计首饰,05_金属首饰与佩戴,原创设计首饰,1726917929,5629,transcribed,/Users/wenjiechen/Desktop/gemology-kb/library/01_video/【合集】原创设计首饰,,https://www.bilibili.com/video/BV1xRtresE6x
BV1DCtXeaE2L,🎈国庆出游必看 | 教你假期捡到真正宝石💎,03:03,02_彩色宝石,02_彩色宝石,,1726745211,3989,transcribed,/Users/wenjiechen/Desktop/gemology-kb/library/01_video/02_彩色宝石,,https://www.bilibili.com/video/BV1DCtXeaE2L
BV1QEtKeAEY7,这件真的绝了！首饰盒里的王炸蓝宝多戴首饰,01:29,【合集】原创设计首饰,02_彩色宝石,原创设计首饰,1726567200,221064,transcribed,/Users/wenjiechen/Desktop/gemology-kb/library/01_video/【合集】原创设计首饰,,https://www.bilibili.com/video/BV1QEtKeAEY7
BV1qKtKe3EQV,喜欢绿色系宝石的小伙伴有福啦！好多选择~,03:27,02_彩色宝石,02_彩色宝石,,1726313315,19593,transcribed,/Users/wenjiechen/Desktop/gemology-kb/library/01_video/02_彩色宝石,,https://www.bilibili.com/video/BV1qKtKe3EQV
BV1ig4peUEPF,2024年下半年钻石还值得买吗？通过数据告诉你,04:58,【合集】钻石购买攻略合集,01_钻石,钻石购买攻略合集,1726147718,6691,transcribed,/Users/wenjiechen/Desktop/gemology-kb/library/01_video/【合集】钻石购买攻略合集,,https://www.bilibili.com/video/BV1ig4peUEPF
BV1of4BecE2u,一抹橙霞 点亮秋日能量，橙色系宝石太讨喜！,03:07,02_彩色宝石,02_彩色宝石,,1726053669,7915,transcribed,/Users/wenjiechen/Desktop/gemology-kb/library/01_video/02_彩色宝石,,https://www.bilibili.com/video/BV1of4BecE2u
BV1dgpEetE1Y,如果蓝色系宝石有段位，你心中top1是谁？,04:28,【合集】彩宝选购合集,02_彩色宝石,彩宝选购合集,1725889438,35858,transcribed,/Users/wenjiechen/Desktop/gemology-kb/library/01_video/【合集】彩宝选购合集,,https://www.bilibili.com/video/BV1dgpEetE1Y
BV1tEHQeMEW7,似曾相识燕归来 灰尖晶与燕子搭配太绝啦！,01:43,【合集】原创设计首饰,02_彩色宝石,原创设计首饰,1725703200,11496,transcribed,/Users/wenjiechen/Desktop/gemology-kb/library/01_video/【合集】原创设计首饰,,https://www.bilibili.com/video/BV1tEHQeMEW7
BV1Ebpge5ESr,我不允许还有人不知道“宝石专家研修班”！,03:25,02_彩色宝石,02_彩色宝石,,1725535560,5813,transcribed,/Users/wenjiechen/Desktop/gemology-kb/library/01_video/02_彩色宝石,,https://www.bilibili.com/video/BV1Ebpge5ESr
BV1GZ421L7hi,捉到两只遨游太空的喵星人！太可爱啦~,02:13,【合集】原创设计首饰,11_其他,原创设计首饰,1725098400,6966,transcribed,/Users/wenjiechen/Desktop/gemology-kb/library/01_video/【合集】原创设计首饰,,https://www.bilibili.com/video/BV1GZ421L7hi
BV1pf421e7dv,秋天第一杯奶茶喝了，第一件珠宝安排了吗？,00:48,11_其他,11_其他,,1724839183,5406,transcribed,/Users/wenjiechen/Desktop/gemology-kb/library/01_video/11_其他,,https://www.bilibili.com/video/BV1pf421e7dv
BV1Ab421E7ci,一不小心就入坑！这款“烛影摇红”绝美！,01:26,【合集】原创设计首饰,11_其他,原创设计首饰,1724672097,91691,transcribed,/Users/wenjiechen/Desktop/gemology-kb/library/01_video/【合集】原创设计首饰,,https://www.bilibili.com/video/BV1Ab421E7ci
BV1JT421z7TE,写了两年的情书，你要看一眼么？,02:09,11_其他,11_其他,,1724498507,7356,transcribed,/Users/wenjiechen/Desktop/gemology-kb/library/01_video/11_其他,,https://www.bilibili.com/video/BV1JT421z7TE
BV1xZ421L7Ae,猫抓钱返场时间到！足金、硬金整整齐齐~,03:02,05_金属首饰与佩戴,05_金属首饰与佩戴,,1724409108,7260,transcribed,/Users/wenjiechen/Desktop/gemology-kb/library/01_video/05_金属首饰与佩戴,,https://www.bilibili.com/video/BV1xZ421L7Ae
BV1uy411q7WF,新品“沐花池”踏浪而来，三戴法解锁搭配~,01:33,【合集】原创设计首饰,05_金属首饰与佩戴,原创设计首饰,1724151720,18555,transcribed,/Users/wenjiechen/Desktop/gemology-kb/library/01_video/【合集】原创设计首饰,,https://www.bilibili.com/video/BV1uy411q7WF
BV1ZT42167mB,金包银是智商税还是黄金平替？这些你得知道,02:48,05_金属首饰与佩戴,05_金属首饰与佩戴,,1724066196,80914,transcribed,/Users/wenjiechen/Desktop/gemology-kb/library/01_video/05_金属首饰与佩戴,,https://www.bilibili.com/video/BV1ZT42167mB
BV1hS421975y,当流星划过一刻，你许下了什么愿望？,02:11,【合集】原创设计首饰,11_其他,原创设计首饰,1723888800,47817,transcribed,/Users/wenjiechen/Desktop/gemology-kb/library/01_video/【合集】原创设计首饰,,https://www.bilibili.com/video/BV1hS421975y
BV1Mf421i7aB,极具生命力的芬达雏菊首饰，美到心坎里了~,01:26,【合集】原创设计首饰,02_彩色宝石,原创设计首饰,1723630001,42204,transcribed,/Users/wenjiechen/Desktop/gemology-kb/library/01_video/【合集】原创设计首饰,,https://www.bilibili.com/video/BV1Mf421i7aB
BV1ZS421X7v4,小珠宝公司如何打造一个品牌，真的很难么？,02:46,【合集】老许的创业系列,08_行业与商业,老许的创业系列,1723541155,4722,transcribed,/Users/wenjiechen/Desktop/gemology-kb/library/01_video/【合集】老许的创业系列,,https://www.bilibili.com/video/BV1ZS421X7v4
BV17f421B7Ct,一眼心动！鲸落星海的设计太戳我了~,01:24,【合集】原创设计首饰,05_金属首饰与佩戴,原创设计首饰,1723461224,306858,transcribed,/Users/wenjiechen/Desktop/gemology-kb/library/01_video/【合集】原创设计首饰,,https://www.bilibili.com/video/BV17f421B7Ct
BV1Gi421a7AJ,高级定制和工业化生产的平衡，珠宝商如何做,06:17,05_金属首饰与佩戴,05_金属首饰与佩戴,,1723114502,5762,transcribed,/Users/wenjiechen/Desktop/gemology-kb/library/01_video/05_金属首饰与佩戴,,https://www.bilibili.com/video/BV1Gi421a7AJ
BV1n4421S7y6,小珠宝公司如何穿越周期，做最后的赢家,10:03,【合集】老许的创业系列,11_其他,老许的创业系列,1723030477,3840,transcribed,/Users/wenjiechen/Desktop/gemology-kb/library/01_video/【合集】老许的创业系列,,https://www.bilibili.com/video/BV1n4421S7y6
BV1Dw4m1k78c,培育钻石行业资讯，别说我没通知你！,01:57,01_钻石,01_钻石,,1722940921,4899,transcribed,/Users/wenjiechen/Desktop/gemology-kb/library/01_video/01_钻石,,https://www.bilibili.com/video/BV1Dw4m1k78c
BV18M4m117FV,猫猫真有你的！又被可爱住了~,01:46,【合集】原创设计首饰,11_其他,原创设计首饰,1722853790,331188,transcribed,/Users/wenjiechen/Desktop/gemology-kb/library/01_video/【合集】原创设计首饰,,https://www.bilibili.com/video/BV18M4m117FV
BV1p1421t7bj,不是帕帕拉恰买不起，是尖晶更有性价比！,01:23,【合集】彩宝选购合集,02_彩色宝石,彩宝选购合集,1722593098,12575,transcribed,/Users/wenjiechen/Desktop/gemology-kb/library/01_video/【合集】彩宝选购合集,,https://www.bilibili.com/video/BV1p1421t7bj
BV1dZ421N7bR,戳中80%女生心巴的七夕礼物来啦！直接抄作业,01:35,【合集】原创设计首饰,05_金属首饰与佩戴,原创设计首饰,1722420463,18778,transcribed,/Users/wenjiechen/Desktop/gemology-kb/library/01_video/【合集】原创设计首饰,,https://www.bilibili.com/video/BV1dZ421N7bR
BV1CT42167iB,哪有女生不爱花？把勿忘我融入设计 又被硬控,01:16,【合集】原创设计首饰,05_金属首饰与佩戴,原创设计首饰,1722255261,19734,transcribed,/Users/wenjiechen/Desktop/gemology-kb/library/01_video/【合集】原创设计首饰,,https://www.bilibili.com/video/BV1CT42167iB
BV1Wn4y1f7Lk,发现新大陆！好多人不知道国产海水akoya！,01:21,04_有机宝石,04_有机宝石,,1721904912,12509,transcribed,/Users/wenjiechen/Desktop/gemology-kb/library/01_video/04_有机宝石,,https://www.bilibili.com/video/BV1Wn4y1f7Lk
BV1PH4y1c79q,凭什么奢侈品价格高昂？珠宝商该怎么做？,07:59,07_行情与选购,07_行情与选购,,1721819443,7279,transcribed,/Users/wenjiechen/Desktop/gemology-kb/library/01_video/07_行情与选购,,https://www.bilibili.com/video/BV1PH4y1c79q
BV14W42197RJ,高颜值未涨价宝石？这一定有坦桑的名字,01:12,【合集】彩宝选购合集,02_彩色宝石,彩宝选购合集,1721646747,20199,transcribed,/Users/wenjiechen/Desktop/gemology-kb/library/01_video/【合集】彩宝选购合集,,https://www.bilibili.com/video/BV14W42197RJ
BV1NS42197yg,铲屎官们集合~猫形切割宝石终于来了！,02:26,02_彩色宝石,02_彩色宝石,,1721476028,11816,transcribed,/Users/wenjiechen/Desktop/gemology-kb/library/01_video/02_彩色宝石,,https://www.bilibili.com/video/BV1NS42197yg
BV1zZ421N75z,优秀的珠宝商都在偷偷学习的原因？,06:52,08_行业与商业,08_行业与商业,,1721301730,5759,transcribed,/Users/wenjiechen/Desktop/gemology-kb/library/01_video/08_行业与商业,,https://www.bilibili.com/video/BV1zZ421N75z
BV1MH4y1A76B,名贵宝石中的bug，低调量少价不高~,01:46,【合集】彩宝选购合集,02_彩色宝石,彩宝选购合集,1721214884,18354,transcribed,/Users/wenjiechen/Desktop/gemology-kb/library/01_video/【合集】彩宝选购合集,,https://www.bilibili.com/video/BV1MH4y1A76B
BV1Jx4y1x7sy,出勤率冠军非彩宝排戒莫属，妥妥百搭神器~,01:24,【合集】原创设计首饰,02_彩色宝石,原创设计首饰,1721042324,20350,transcribed,/Users/wenjiechen/Desktop/gemology-kb/library/01_video/【合集】原创设计首饰,,https://www.bilibili.com/video/BV1Jx4y1x7sy
BV1zb421E7rj,像素宝石？马赛克？火彩爆表，太赛博了吧~,01:52,02_彩色宝石,02_彩色宝石,,1720865201,24377,transcribed,/Users/wenjiechen/Desktop/gemology-kb/library/01_video/02_彩色宝石,,https://www.bilibili.com/video/BV1zb421E7rj
BV1Af421z7Zd,国产akoya申请出战！这颜值这价格直接杀疯~,01:56,04_有机宝石,04_有机宝石,,1720697482,16087,transcribed,/Users/wenjiechen/Desktop/gemology-kb/library/01_video/04_有机宝石,,https://www.bilibili.com/video/BV1Af421z7Zd
BV1AJ4m1M7wA,蓝宝石爱好者狂喜！小千价格轻松拿下~,01:28,02_彩色宝石,02_彩色宝石,,1720523508,7034,transcribed,/Users/wenjiechen/Desktop/gemology-kb/library/01_video/02_彩色宝石,,https://www.bilibili.com/video/BV1AJ4m1M7wA
BV11T421k7gk,适配100种场合的彩宝珐琅戒指 你值得拥有！,01:52,【合集】原创设计首饰,02_彩色宝石,原创设计首饰,1720090692,188047,transcribed,/Users/wenjiechen/Desktop/gemology-kb/library/01_video/【合集】原创设计首饰,,https://www.bilibili.com/video/BV11T421k7gk
BV1zm421g7BV,15年珠宝从业者浅谈珠宝毕业生该如何创业！,06:45,08_行业与商业,08_行业与商业,,1720009350,4404,transcribed,/Users/wenjiechen/Desktop/gemology-kb/library/01_video/08_行业与商业,,https://www.bilibili.com/video/BV1zm421g7BV
BV1pw4m1e7EW,这手链谁不爱⁉简直是手腕上的“莫奈花园”,01:44,【合集】原创设计首饰,05_金属首饰与佩戴,原创设计首饰,1719832903,61878,transcribed,/Users/wenjiechen/Desktop/gemology-kb/library/01_video/【合集】原创设计首饰,,https://www.bilibili.com/video/BV1pw4m1e7EW
BV1RS421d77L,着急买宝石？先别急！看完这篇再决定~,04:19,02_彩色宝石,02_彩色宝石,,1719572891,11403,transcribed,/Users/wenjiechen/Desktop/gemology-kb/library/01_video/02_彩色宝石,,https://www.bilibili.com/video/BV1RS421d77L
BV1w4421X7eV,绝了‼新品紫苑让人狠狠心动 仿佛梦中蝴蝶~,01:57,【合集】原创设计首饰,09_品牌新品与动态,原创设计首饰,1719400962,43553,transcribed,/Users/wenjiechen/Desktop/gemology-kb/library/01_video/【合集】原创设计首饰,,https://www.bilibili.com/video/BV1w4421X7eV
BV1pE421N7xn,拥有“商业名词”的宝石就这么香？别太天真,04:35,02_彩色宝石,02_彩色宝石,,1719313393,5890,transcribed,/Users/wenjiechen/Desktop/gemology-kb/library/01_video/02_彩色宝石,,https://www.bilibili.com/video/BV1pE421N7xn
BV1h1421r7i5,6月香港珠宝展复盘，捡漏好时机别错过~,08:22,07_行情与选购,07_行情与选购,,1718999605,6000,transcribed,/Users/wenjiechen/Desktop/gemology-kb/library/01_video/07_行情与选购,,https://www.bilibili.com/video/BV1h1421r7i5
BV1rS421d7Ag,年中珠宝狂欢，价格太美丽错过再等一年！,01:20,07_行情与选购,07_行情与选购,,1718883709,14004,transcribed,/Users/wenjiechen/Desktop/gemology-kb/library/01_video/07_行情与选购,,https://www.bilibili.com/video/BV1rS421d7Ag
BV1YS421d7nk,珠宝人沉浸式挑货 100多颗蓝宝如何优中选优？,06:42,02_彩色宝石,02_彩色宝石,,1718799609,11125,transcribed,/Users/wenjiechen/Desktop/gemology-kb/library/01_video/02_彩色宝石,,https://www.bilibili.com/video/BV1YS421d7nk
BV1Nz42187RQ,谁的定制珠宝这么美？😯原来是我的神仙客户,03:13,【合集】客订开箱合集,05_金属首饰与佩戴,客订开箱合集,1718365713,16825,transcribed,/Users/wenjiechen/Desktop/gemology-kb/library/01_video/【合集】客订开箱合集,,https://www.bilibili.com/video/BV1Nz42187RQ
BV1qw4m1v7pJ,珠宝商是否需要拓品？怎么长期稳定去做？,07:42,08_行业与商业,08_行业与商业,,1718273166,3713,transcribed,/Users/wenjiechen/Desktop/gemology-kb/library/01_video/08_行业与商业,,https://www.bilibili.com/video/BV1qw4m1v7pJ
BV1Dw4m1v7vk,周大福停工停产背后真正原因！,06:37,08_行业与商业,08_行业与商业,,1718121257,95973,transcribed,/Users/wenjiechen/Desktop/gemology-kb/library/01_video/08_行业与商业,,https://www.bilibili.com/video/BV1Dw4m1v7vk
BV1MM4m1S76z,珠宝商视角解读2024中国消费趋势,05:12,07_行情与选购,07_行情与选购,,1718019846,6252,transcribed,/Users/wenjiechen/Desktop/gemology-kb/library/01_video/07_行情与选购,,https://www.bilibili.com/video/BV1MM4m1S76z
BV1WD421u7Ua,繁花2.0与蝴蝶兰来袭 感受紫水晶带来的高级感,02:23,【合集】原创设计首饰,02_彩色宝石,原创设计首饰,1717762558,52245,transcribed,/Users/wenjiechen/Desktop/gemology-kb/library/01_video/【合集】原创设计首饰,,https://www.bilibili.com/video/BV1WD421u7Ua
BV1nm42157Kr,婚戒用培育钻会出大事？为什么用铂金镶嵌少,01:14,01_钻石,01_钻石,,1717669500,9292,transcribed,/Users/wenjiechen/Desktop/gemology-kb/library/01_video/01_钻石,,https://www.bilibili.com/video/BV1nm42157Kr
BV1fM4m1z76C,珍珠还火吗？珠宝人深度剖析珍珠市场现状,07:28,04_有机宝石,04_有机宝石,,1717583279,17064,transcribed,/Users/wenjiechen/Desktop/gemology-kb/library/01_video/04_有机宝石,,https://www.bilibili.com/video/BV1fM4m1z76C
BV1L4421X7t6,6月香港珠宝展，你想了解什么？,00:30,08_行业与商业,08_行业与商业,,1717500624,1304,transcribed,/Users/wenjiechen/Desktop/gemology-kb/library/01_video/08_行业与商业,,https://www.bilibili.com/video/BV1L4421X7t6
BV1Ym421571f,谁懂啊！被猫猫吊坠硬控10秒~太有爱了,01:38,【合集】原创设计首饰,05_金属首饰与佩戴,原创设计首饰,1717420845,200689,transcribed,/Users/wenjiechen/Desktop/gemology-kb/library/01_video/【合集】原创设计首饰,,https://www.bilibili.com/video/BV1Ym421571f
BV1yS411N79F,蓝宝石购买选择多 星光蓝宝购买需谨慎‼,01:10,02_彩色宝石,02_彩色宝石,,1717153161,6901,transcribed,/Users/wenjiechen/Desktop/gemology-kb/library/01_video/02_彩色宝石,,https://www.bilibili.com/video/BV1yS411N79F
BV17n4y1R7gc,买珠宝存在消费降级？高价与平价该如何平衡,02:58,07_行情与选购,07_行情与选购,,1717066483,7313,transcribed,/Users/wenjiechen/Desktop/gemology-kb/library/01_video/07_行情与选购,,https://www.bilibili.com/video/BV17n4y1R7gc
BV1is42137ox,在夏天直接封神的耳饰，让直男都心动了😍,01:12,【合集】原创设计首饰,05_金属首饰与佩戴,原创设计首饰,1716979999,10200,transcribed,/Users/wenjiechen/Desktop/gemology-kb/library/01_video/【合集】原创设计首饰,,https://www.bilibili.com/video/BV1is42137ox
BV1eD42137RH,宝石漏底值得买吗？奶体，丝绒感一样么？,02:23,02_彩色宝石,02_彩色宝石,,1716898085,6430,transcribed,/Users/wenjiechen/Desktop/gemology-kb/library/01_video/02_彩色宝石,,https://www.bilibili.com/video/BV1eD42137RH
BV1br421w7gT,原创设计|月光下的喵星人 宛如一个守护神,01:11,【合集】原创设计首饰,05_金属首饰与佩戴,原创设计首饰,1716809479,15634,transcribed,/Users/wenjiechen/Desktop/gemology-kb/library/01_video/【合集】原创设计首饰,,https://www.bilibili.com/video/BV1br421w7gT
BV1Cw4m1U7sV,世界上不能没有精切宝石呀！真的太好看啦~,02:19,02_彩色宝石,02_彩色宝石,,1716547606,6918,transcribed,/Users/wenjiechen/Desktop/gemology-kb/library/01_video/02_彩色宝石,,https://www.bilibili.com/video/BV1Cw4m1U7sV
BV1oU411o7XK,谁看谁迷糊的精切宝石第二弹‼绿色系迷人眼,02:50,02_彩色宝石,02_彩色宝石,,1716462857,6406,transcribed,/Users/wenjiechen/Desktop/gemology-kb/library/01_video/02_彩色宝石,,https://www.bilibili.com/video/BV1oU411o7XK
BV1qt421K7wH,这些精切宝石火彩优秀程度超市面上80%的宝石,02:44,02_彩色宝石,02_彩色宝石,,1716381284,6774,transcribed,/Users/wenjiechen/Desktop/gemology-kb/library/01_video/02_彩色宝石,,https://www.bilibili.com/video/BV1qt421K7wH
BV1Jy411a7GJ,被偶像认可是什么体验？老许尾巴要上天了！,02:00,11_其他,11_其他,,1716290168,16326,transcribed,/Users/wenjiechen/Desktop/gemology-kb/library/01_video/11_其他,,https://www.bilibili.com/video/BV1Jy411a7GJ
BV1Yr42157L9,芳华|不可错过的铃兰花！散发幸福的味道,01:24,【合集】原创设计首饰,11_其他,原创设计首饰,1716202451,52550,transcribed,/Users/wenjiechen/Desktop/gemology-kb/library/01_video/【合集】原创设计首饰,,https://www.bilibili.com/video/BV1Yr42157L9
BV1bT421U7KX,珠宝定制有多香？天马行空都可以做出来~,02:47,【合集】客订开箱合集,05_金属首饰与佩戴,客订开箱合集,1715940596,9087,transcribed,/Users/wenjiechen/Desktop/gemology-kb/library/01_video/【合集】客订开箱合集,,https://www.bilibili.com/video/BV1bT421U7KX
BV1FH4y1u73Q,胡椒盐钻石是什么？这么独特想要迷倒谁啊！,01:16,01_钻石,01_钻石,,1715772607,15336,transcribed,/Users/wenjiechen/Desktop/gemology-kb/library/01_video/01_钻石,,https://www.bilibili.com/video/BV1FH4y1u73Q
BV1ur421E7J1,很多人都说填充也算老烧，刘亦菲们怎么看？,01:25,06_鉴定与避坑,06_鉴定与避坑,,1715689611,28350,transcribed,/Users/wenjiechen/Desktop/gemology-kb/library/01_video/06_鉴定与避坑,,https://www.bilibili.com/video/BV1ur421E7J1
BV1pT421U7hD,四季|将猫与春夏秋冬结合 属于珠宝人的浪漫,02:29,【合集】原创设计首饰,08_行业与商业,原创设计首饰,1715599734,7530,transcribed,/Users/wenjiechen/Desktop/gemology-kb/library/01_video/【合集】原创设计首饰,,https://www.bilibili.com/video/BV1pT421U7hD
BV1mr42177kP,坦桑石预计明年要绝矿？价格会暴涨？,01:30,02_彩色宝石,02_彩色宝石,,1715421600,11541,transcribed,/Users/wenjiechen/Desktop/gemology-kb/library/01_video/02_彩色宝石,,https://www.bilibili.com/video/BV1mr42177kP
BV1er42177BV,快码住，一辈子成不了大珠宝公司的原因找到了,03:14,【合集】老许的创业系列,11_其他,老许的创业系列,1715251684,1957,transcribed,/Users/wenjiechen/Desktop/gemology-kb/library/01_video/【合集】老许的创业系列,,https://www.bilibili.com/video/BV1er42177BV
BV1o1421B7Qc,为什么红宝石实物和商家的图片差距那么大？,01:30,02_彩色宝石,02_彩色宝石,,1715167007,16603,transcribed,/Users/wenjiechen/Desktop/gemology-kb/library/01_video/02_彩色宝石,,https://www.bilibili.com/video/BV1o1421B7Qc
BV19H4y1V7EQ,码住！珠宝公司计划做了很多怎么有效推进？,03:39,【合集】老许的创业系列,11_其他,老许的创业系列,1715077188,2489,transcribed,/Users/wenjiechen/Desktop/gemology-kb/library/01_video/【合集】老许的创业系列,,https://www.bilibili.com/video/BV19H4y1V7EQ
BV1AE421L7gc,红色系宝石里的“三好学生”非他莫属！,01:19,02_彩色宝石,02_彩色宝石,,1714816800,15907,transcribed,/Users/wenjiechen/Desktop/gemology-kb/library/01_video/02_彩色宝石,,https://www.bilibili.com/video/BV1AE421L7gc
BV1AE42157Qn,母亲节礼物不会选？看这一期就完事儿啦~,02:46,05_金属首饰与佩戴,05_金属首饰与佩戴,,1714647722,8539,transcribed,/Users/wenjiechen/Desktop/gemology-kb/library/01_video/05_金属首饰与佩戴,,https://www.bilibili.com/video/BV1AE42157Qn
BV17s421K7B3,九紫离火运 今年终究没有抵挡住水晶的魅力~,01:34,02_彩色宝石,02_彩色宝石,,1714476988,102803,transcribed,/Users/wenjiechen/Desktop/gemology-kb/library/01_video/02_彩色宝石,,https://www.bilibili.com/video/BV17s421K7B3
BV1Am411m7f6,喜欢蓝色系宝石的一定要知道它！泰酷辣！,01:21,02_彩色宝石,02_彩色宝石,,1714298400,22989,transcribed,/Users/wenjiechen/Desktop/gemology-kb/library/01_video/02_彩色宝石,,https://www.bilibili.com/video/BV1Am411m7f6
BV1BC411n76T,将“梅兰竹菊”融入珠宝首饰太绝啦！国风yyds,02:30,【合集】原创设计首饰,05_金属首饰与佩戴,原创设计首饰,1714224945,43019,transcribed,/Users/wenjiechen/Desktop/gemology-kb/library/01_video/【合集】原创设计首饰,,https://www.bilibili.com/video/BV1BC411n76T
BV1Fp421Q7om,珠串碧玺怎么选？2分钟轻松学会~,02:46,02_彩色宝石,02_彩色宝石,,1714043786,13329,transcribed,/Users/wenjiechen/Desktop/gemology-kb/library/01_video/02_彩色宝石,,https://www.bilibili.com/video/BV1Fp421Q7om
BV1UM4m1Z78F,不是帕帕拉恰买不起而是同色系尖晶更有性价比‼,01:32,02_彩色宝石,02_彩色宝石,,1713958679,10154,transcribed,/Users/wenjiechen/Desktop/gemology-kb/library/01_video/02_彩色宝石,,https://www.bilibili.com/video/BV1UM4m1Z78F
BV14F4m1A7dg,让人着迷的彩虹月光石究竟是什么？,02:42,02_彩色宝石,02_彩色宝石,,1713871999,21686,transcribed,/Users/wenjiechen/Desktop/gemology-kb/library/01_video/02_彩色宝石,,https://www.bilibili.com/video/BV14F4m1A7dg
BV1qE421K7sa,原来大家都在戴？东方文化真的太让人着迷,03:37,05_金属首饰与佩戴,05_金属首饰与佩戴,,1713784006,4880,transcribed,/Users/wenjiechen/Desktop/gemology-kb/library/01_video/05_金属首饰与佩戴,,https://www.bilibili.com/video/BV1qE421K7sa
BV1mx4y1z7q6,k金版猫抓钱来啦‼是吊坠还会转动哦~,01:33,【合集】原创设计首饰,05_金属首饰与佩戴,原创设计首饰,1713693600,7867,transcribed,/Users/wenjiechen/Desktop/gemology-kb/library/01_video/【合集】原创设计首饰,,https://www.bilibili.com/video/BV1mx4y1z7q6
BV1nM4m1D7MQ,警告警告警告！黄金大涨是个局！！,06:24,05_金属首饰与佩戴,05_金属首饰与佩戴,,1713181322,49720,transcribed,/Users/wenjiechen/Desktop/gemology-kb/library/01_video/05_金属首饰与佩戴,,https://www.bilibili.com/video/BV1nM4m1D7MQ
BV13F4m1K7ri,猫猫“聚宝盆”来啦！铲屎官们集合~,02:27,【合集】原创设计首饰,11_其他,原创设计首饰,1713008321,8434,transcribed,/Users/wenjiechen/Desktop/gemology-kb/library/01_video/【合集】原创设计首饰,,https://www.bilibili.com/video/BV13F4m1K7ri
BV1wx421D7Rj,镶嵌不知道做什么款？别急~直接抄作业,02:23,05_金属首饰与佩戴,05_金属首饰与佩戴,,1712484000,12879,transcribed,/Users/wenjiechen/Desktop/gemology-kb/library/01_video/05_金属首饰与佩戴,,https://www.bilibili.com/video/BV1wx421D7Rj
BV17J4m157Tj,客订分享|怎么样拥有一件量身定制的首饰？,02:49,【合集】客订开箱合集,05_金属首饰与佩戴,客订开箱合集,1712313193,18319,transcribed,/Users/wenjiechen/Desktop/gemology-kb/library/01_video/【合集】客订开箱合集,,https://www.bilibili.com/video/BV17J4m157Tj
BV1dZ421v7tw,四月生辰石闪闪惹人爱！春日必备~,01:27,【合集】生辰石,11_其他,生辰石,1712150892,12401,transcribed,/Users/wenjiechen/Desktop/gemology-kb/library/01_video/【合集】生辰石,,https://www.bilibili.com/video/BV1dZ421v7tw
BV1oZ421v799,新品“猫生”谁说优雅与可爱不能并存？,02:15,【合集】原创设计首饰,09_品牌新品与动态,原创设计首饰,1712063427,20120,transcribed,/Users/wenjiechen/Desktop/gemology-kb/library/01_video/【合集】原创设计首饰,,https://www.bilibili.com/video/BV1oZ421v799
BV1zr421t7tZ,珍珠成过气网红？市场鱼龙混杂真的会选吗？,02:43,04_有机宝石,04_有机宝石,,1711969378,7463,transcribed,/Users/wenjiechen/Desktop/gemology-kb/library/01_video/04_有机宝石,,https://www.bilibili.com/video/BV1zr421t7tZ
BV1jC411L78B,干货| 7分钟学会挑选天然钻石！码住不踩坑,07:15,【合集】钻石购买攻略合集,01_钻石,钻石购买攻略合集,1711714191,9217,transcribed,/Users/wenjiechen/Desktop/gemology-kb/library/01_video/【合集】钻石购买攻略合集,,https://www.bilibili.com/video/BV1jC411L78B
BV1uz421o77i,金木水火土 五行手串解锁传统文化~,02:08,04_有机宝石,04_有机宝石,,1711623704,68048,transcribed,/Users/wenjiechen/Desktop/gemology-kb/library/01_video/04_有机宝石,,https://www.bilibili.com/video/BV1uz421o77i
BV1jx421X7bC,不是黄金戴不起，是“金包银”更有性价比！,02:45,05_金属首饰与佩戴,05_金属首饰与佩戴,,1711539435,11809,transcribed,/Users/wenjiechen/Desktop/gemology-kb/library/01_video/05_金属首饰与佩戴,,https://www.bilibili.com/video/BV1jx421X7bC
BV1HJ4m1L7wp,国潮风新品‼充满东方韵味的宝加木喜欢吗？,01:43,09_品牌新品与动态,09_品牌新品与动态,,1711449239,12147,transcribed,/Users/wenjiechen/Desktop/gemology-kb/library/01_video/09_品牌新品与动态,,https://www.bilibili.com/video/BV1HJ4m1L7wp
BV17u4m1T7Yo,海蓝宝中的祖母绿切很鸡肋？为什么还有？,02:38,02_彩色宝石,02_彩色宝石,,1711365855,12495,transcribed,/Users/wenjiechen/Desktop/gemology-kb/library/01_video/02_彩色宝石,,https://www.bilibili.com/video/BV17u4m1T7Yo
BV1EJ4m177MU,现阶段珠宝镶嵌工厂面临挑战 该何去何从？,05:00,05_金属首饰与佩戴,05_金属首饰与佩戴,,1711105096,3588,transcribed,/Users/wenjiechen/Desktop/gemology-kb/library/01_video/05_金属首饰与佩戴,,https://www.bilibili.com/video/BV1EJ4m177MU
BV14t421G7Dq,培育钻对镶嵌影响如何？有人在赚黑🖤钱？,02:16,01_钻石,01_钻石,,1711019799,5294,transcribed,/Users/wenjiechen/Desktop/gemology-kb/library/01_video/01_钻石,,https://www.bilibili.com/video/BV14t421G7Dq
BV18D421j75s,珠宝业内人士告诉你首饰镶嵌费怎么算！,04:30,05_金属首饰与佩戴,05_金属首饰与佩戴,,1710846075,17493,transcribed,/Users/wenjiechen/Desktop/gemology-kb/library/01_video/05_金属首饰与佩戴,,https://www.bilibili.com/video/BV18D421j75s
BV1BZ421h7yn,人生的第一件珠宝 你会怎么选？,02:31,07_行情与选购,07_行情与选购,,1710501428,4872,transcribed,/Users/wenjiechen/Desktop/gemology-kb/library/01_video/07_行情与选购,,https://www.bilibili.com/video/BV1BZ421h7yn
BV1Zx421C7Kx,进入珠宝行业知道这些至少 少走5年弯路！,05:04,08_行业与商业,08_行业与商业,,1710416100,6829,transcribed,/Users/wenjiechen/Desktop/gemology-kb/library/01_video/08_行业与商业,,https://www.bilibili.com/video/BV1Zx421C7Kx
BV1Dm411Z7N4,有了AI 造谣成本降低 知识科普博主何去何从？,03:50,06_鉴定与避坑,06_鉴定与避坑,,1710242288,10741,transcribed,/Users/wenjiechen/Desktop/gemology-kb/library/01_video/06_鉴定与避坑,,https://www.bilibili.com/video/BV1Dm411Z7N4
BV1Ew4m1d7mL,干货|五分钟了解宝石的价格体系！,04:58,02_彩色宝石,02_彩色宝石,,1710156365,64795,transcribed,/Users/wenjiechen/Desktop/gemology-kb/library/01_video/02_彩色宝石,,https://www.bilibili.com/video/BV1Ew4m1d7mL
BV1Mw4m1d7z5,上新啦！定格猫咪形象将猫主子戴身上~,02:34,【合集】原创设计首饰,05_金属首饰与佩戴,原创设计首饰,1709984851,28634,transcribed,/Users/wenjiechen/Desktop/gemology-kb/library/01_video/【合集】原创设计首饰,,https://www.bilibili.com/video/BV1Mw4m1d7z5
BV1rw4m1Z7Xe,花10w去买缅甸红宝，它能增值么？,03:27,02_彩色宝石,02_彩色宝石,,1709901288,6351,transcribed,/Users/wenjiechen/Desktop/gemology-kb/library/01_video/02_彩色宝石,,https://www.bilibili.com/video/BV1rw4m1Z7Xe
BV1Yi421Z78k,宝石保值、增值究竟如何？这些不能忽略,06:03,02_彩色宝石,02_彩色宝石,,1709808673,5164,transcribed,/Users/wenjiechen/Desktop/gemology-kb/library/01_video/02_彩色宝石,,https://www.bilibili.com/video/BV1Yi421Z78k
BV1k2421M7iP,珠宝不好做，为什么珠宝老板不愿意转行？,02:23,08_行业与商业,08_行业与商业,,1709551095,5627,transcribed,/Users/wenjiechen/Desktop/gemology-kb/library/01_video/08_行业与商业,,https://www.bilibili.com/video/BV1k2421M7iP
BV1Bx4y1C7zc,祖母绿切很常见？刻面素面糖塔哪个保值？,03:16,02_彩色宝石,02_彩色宝石,,1709289000,7273,transcribed,/Users/wenjiechen/Desktop/gemology-kb/library/01_video/02_彩色宝石,,https://www.bilibili.com/video/BV1Bx4y1C7zc
BV1vu4m1w7b8,亲兄弟还要明算账，一起做生意这些不能忘！,01:35,08_行业与商业,08_行业与商业,,1709115822,4553,transcribed,/Users/wenjiechen/Desktop/gemology-kb/library/01_video/08_行业与商业,,https://www.bilibili.com/video/BV1vu4m1w7b8
BV1Qy421z7y3,珠宝从业者不需要高学历也能赚的盆满钵满？,03:04,08_行业与商业,08_行业与商业,,1708947889,16834,transcribed,/Users/wenjiechen/Desktop/gemology-kb/library/01_video/08_行业与商业,,https://www.bilibili.com/video/BV1Qy421z7y3
BV1sK421t7zq,为什么富婆都在祖母绿？日常要如何养护？,02:43,02_彩色宝石,02_彩色宝石,,1708771099,17817,transcribed,/Users/wenjiechen/Desktop/gemology-kb/library/01_video/02_彩色宝石,,https://www.bilibili.com/video/BV1sK421t7zq
BV1RS421P7kp,红宝也讲性价比？这些不懂真的容易踩坑~,02:49,02_彩色宝石,02_彩色宝石,,1708684202,14615,transcribed,/Users/wenjiechen/Desktop/gemology-kb/library/01_video/02_彩色宝石,,https://www.bilibili.com/video/BV1RS421P7kp
BV16H4y1E7oh,2024年蓝宝还会持续涨价？皇家蓝矢车菊怎么选？,02:19,02_彩色宝石,02_彩色宝石,,1708513060,16673,transcribed,/Users/wenjiechen/Desktop/gemology-kb/library/01_video/02_彩色宝石,,https://www.bilibili.com/video/BV16H4y1E7oh
BV1Q2421F7Un,新品“繁花”带来浪漫春光~多戴法谁不爱！,01:45,【合集】原创设计首饰,05_金属首饰与佩戴,原创设计首饰,1708343690,395831,transcribed,/Users/wenjiechen/Desktop/gemology-kb/library/01_video/【合集】原创设计首饰,,https://www.bilibili.com/video/BV1Q2421F7Un
BV1Uy42187RP,避坑指南！购买珠宝擦亮眼，遇到这些需谨慎,03:09,06_鉴定与避坑,06_鉴定与避坑,,1708164000,29240,transcribed,/Users/wenjiechen/Desktop/gemology-kb/library/01_video/06_鉴定与避坑,,https://www.bilibili.com/video/BV1Uy42187RP
BV1GF4m1g77X,开一家珠宝公司，需要准备什么？有钱还不够,02:56,【合集】老许的创业系列,11_其他,老许的创业系列,1708077600,13773,transcribed,/Users/wenjiechen/Desktop/gemology-kb/library/01_video/【合集】老许的创业系列,,https://www.bilibili.com/video/BV1GF4m1g77X
BV12Z421z7Zy,普通消费者珠宝复检指南！流程简单轻松拿捏,02:38,06_鉴定与避坑,06_鉴定与避坑,,1707991200,11698,transcribed,/Users/wenjiechen/Desktop/gemology-kb/library/01_video/06_鉴定与避坑,,https://www.bilibili.com/video/BV12Z421z7Zy
BV1JK421y7SY,过年拿了压岁钱 该怎么买珠宝？这几点要注意,03:07,07_行情与选购,07_行情与选购,,1707818460,21680,transcribed,/Users/wenjiechen/Desktop/gemology-kb/library/01_video/07_行情与选购,,https://www.bilibili.com/video/BV1JK421y7SY
BV1vu4m1N7JW,打造百万粉丝IP：6条关键经验分享,03:29,08_行业与商业,08_行业与商业,,1707732000,12189,transcribed,/Users/wenjiechen/Desktop/gemology-kb/library/01_video/08_行业与商业,,https://www.bilibili.com/video/BV1vu4m1N7JW
BV1V2421c7PA,宝石学家老许携全体小伙伴给大家拜年啦~,00:56,02_彩色宝石,02_彩色宝石,,1707472920,1020,transcribed,/Users/wenjiechen/Desktop/gemology-kb/library/01_video/02_彩色宝石,,https://www.bilibili.com/video/BV1V2421c7PA
BV1JH4y1h7gf,这三类人不适合做新媒体，看看你中招了吗？,01:29,08_行业与商业,08_行业与商业,,1707389971,4556,transcribed,/Users/wenjiechen/Desktop/gemology-kb/library/01_video/08_行业与商业,,https://www.bilibili.com/video/BV1JH4y1h7gf
BV11v42117jw,2024年珠宝行业深度前瞻报告加料版，干货满满,02:37,08_行业与商业,08_行业与商业,,1707127131,11076,transcribed,/Users/wenjiechen/Desktop/gemology-kb/library/01_video/08_行业与商业,,https://www.bilibili.com/video/BV11v42117jw
BV1TK421m7Rw,送礼困难？高段位送礼指南来袭 买对不买贵！,02:21,05_金属首饰与佩戴,05_金属首饰与佩戴,,1706865394,5090,transcribed,/Users/wenjiechen/Desktop/gemology-kb/library/01_video/05_金属首饰与佩戴,,https://www.bilibili.com/video/BV1TK421m7Rw
BV15p421f7yk,花丝工艺迷人眼，这些新中式项链谁能不爱！,01:44,05_金属首饰与佩戴,05_金属首饰与佩戴,,1706696803,10414,transcribed,/Users/wenjiechen/Desktop/gemology-kb/library/01_video/05_金属首饰与佩戴,,https://www.bilibili.com/video/BV15p421f7yk
BV1w64y1A7XH,客订分享|怎么样拥有一件量身定制珠宝？,03:25,【合集】客订开箱合集,05_金属首饰与佩戴,客订开箱合集,1706522054,14991,transcribed,/Users/wenjiechen/Desktop/gemology-kb/library/01_video/【合集】客订开箱合集,,https://www.bilibili.com/video/BV1w64y1A7XH
BV1de411Y7st,2024年水贝珠宝圈爆雷 珠宝行业大乱？,03:51,08_行业与商业,08_行业与商业,,1706352857,63506,transcribed,/Users/wenjiechen/Desktop/gemology-kb/library/01_video/08_行业与商业,,https://www.bilibili.com/video/BV1de411Y7st
BV1jK4y1q7g9,红宝石购买攻略，手把手教你挑选一克拉红宝,07:06,02_彩色宝石,02_彩色宝石,,1706272805,10058,transcribed,/Users/wenjiechen/Desktop/gemology-kb/library/01_video/02_彩色宝石,,https://www.bilibili.com/video/BV1jK4y1q7g9
BV1nb4y1A7C2,粉蓝宝 黄蓝宝涨价空间大比拼，选这准没错！,01:58,02_彩色宝石,02_彩色宝石,,1706096274,11809,transcribed,/Users/wenjiechen/Desktop/gemology-kb/library/01_video/02_彩色宝石,,https://www.bilibili.com/video/BV1nb4y1A7C2
BV18K411a7zY,珠宝戴对 好运翻倍，新年珠宝选这些准没错！,02:31,05_金属首饰与佩戴,05_金属首饰与佩戴,,1705923340,9955,transcribed,/Users/wenjiechen/Desktop/gemology-kb/library/01_video/05_金属首饰与佩戴,,https://www.bilibili.com/video/BV18K411a7zY
BV1Xe411J7ep,价格疯涨！产地溢价！背后的逻辑到底是什么？,04:38,07_行情与选购,07_行情与选购,,1705663541,8747,transcribed,/Users/wenjiechen/Desktop/gemology-kb/library/01_video/07_行情与选购,,https://www.bilibili.com/video/BV1Xe411J7ep
BV1cV41197SX,一克拉蓝宝不会选？看完这条成行家,08:50,02_彩色宝石,02_彩色宝石,,1705497979,44463,transcribed,/Users/wenjiechen/Desktop/gemology-kb/library/01_video/02_彩色宝石,,https://www.bilibili.com/video/BV1cV41197SX
BV1Fe411m7Xc,2024年珠宝行业深度前瞻报告，内容干货过多,07:45,08_行业与商业,08_行业与商业,,1705156972,11409,transcribed,/Users/wenjiechen/Desktop/gemology-kb/library/01_video/08_行业与商业,,https://www.bilibili.com/video/BV1Fe411m7Xc
BV1SG411B7Y7,高级又温柔~铃兰黄金彩宝首饰美绝啦！,03:57,【合集】黄金彩宝首饰,02_彩色宝石,黄金彩宝首饰,1704883655,19535,transcribed,/Users/wenjiechen/Desktop/gemology-kb/library/01_video/【合集】黄金彩宝首饰,,https://www.bilibili.com/video/BV1SG411B7Y7
BV1Qk4y1X7eE,哈尔滨的爆火带给珠宝行业什么启示？,02:03,08_行业与商业,08_行业与商业,,1704717417,11152,transcribed,/Users/wenjiechen/Desktop/gemology-kb/library/01_video/08_行业与商业,,https://www.bilibili.com/video/BV1Qk4y1X7eE
BV1vc41187C4,额，这是一个又作死又励志的故事,03:46,10_珠宝文化与故事,10_珠宝文化与故事,,1704453434,12823,transcribed,/Users/wenjiechen/Desktop/gemology-kb/library/01_video/10_珠宝文化与故事,,https://www.bilibili.com/video/BV1vc41187C4
BV18T4y1W7Qm,2024计划做了吗？4个工具让你事半功倍,04:58,11_其他,11_其他,,1704282658,5458,transcribed,/Users/wenjiechen/Desktop/gemology-kb/library/01_video/11_其他,,https://www.bilibili.com/video/BV18T4y1W7Qm
BV1gc411k7kg,黄蓝宝挑选指南 招财宝石可不能出错！！,04:51,02_彩色宝石,02_彩色宝石,,1703930400,13068,transcribed,/Users/wenjiechen/Desktop/gemology-kb/library/01_video/02_彩色宝石,,https://www.bilibili.com/video/BV1gc411k7kg
BV1394y1c7wi,猫抓钱第二弹！新版本火速来袭~,01:19,【合集】黄金彩宝首饰,11_其他,黄金彩宝首饰,1703762627,215147,transcribed,/Users/wenjiechen/Desktop/gemology-kb/library/01_video/【合集】黄金彩宝首饰,,https://www.bilibili.com/video/BV1394y1c7wi
BV1Ve411z7Gh,铲屎官有福啦！这款猫恋蝶黄金首饰好独特~,02:47,【合集】黄金彩宝首饰,05_金属首饰与佩戴,黄金彩宝首饰,1703679720,32521,transcribed,/Users/wenjiechen/Desktop/gemology-kb/library/01_video/【合集】黄金彩宝首饰,,https://www.bilibili.com/video/BV1Ve411z7Gh
BV1JT4y1s7Nv,珠宝生意想要长久做，这些事儿不能忽略！,02:20,08_行业与商业,08_行业与商业,,1703514811,4499,transcribed,/Users/wenjiechen/Desktop/gemology-kb/library/01_video/08_行业与商业,,https://www.bilibili.com/video/BV1JT4y1s7Nv
BV14C4y1D7a9,钻石检测百分百准确吗？这些问题不能忽略！,05:30,01_钻石,01_钻石,,1703340836,19780,transcribed,/Users/wenjiechen/Desktop/gemology-kb/library/01_video/01_钻石,,https://www.bilibili.com/video/BV14C4y1D7a9
BV1ZQ4y1u77p,被问了100遍的黄金手绳终于出货啦！,03:22,【合集】黄金彩宝首饰,05_金属首饰与佩戴,黄金彩宝首饰,1703247079,55457,transcribed,/Users/wenjiechen/Desktop/gemology-kb/library/01_video/【合集】黄金彩宝首饰,,https://www.bilibili.com/video/BV1ZQ4y1u77p
BV15N4y147AP,珠宝中的非主流，这几个真的很有趣！,04:28,11_其他,11_其他,,1703070754,6632,transcribed,/Users/wenjiechen/Desktop/gemology-kb/library/01_video/11_其他,,https://www.bilibili.com/video/BV15N4y147AP
BV1UC4y1u7XW,全款拿下黄金火欧泊戒指，主打与众不同！！,02:28,【合集】黄金彩宝首饰,02_彩色宝石,黄金彩宝首饰,1702563790,57029,transcribed,/Users/wenjiechen/Desktop/gemology-kb/library/01_video/【合集】黄金彩宝首饰,,https://www.bilibili.com/video/BV1UC4y1u7XW
BV1GH4y1C7Ei,当珠宝撞上流行色，这几种完美诠释柔和桃！,02:45,05_金属首饰与佩戴,05_金属首饰与佩戴,,1702388913,11804,transcribed,/Users/wenjiechen/Desktop/gemology-kb/library/01_video/05_金属首饰与佩戴,,https://www.bilibili.com/video/BV1GH4y1C7Ei
BV1zj411W7yW,黄金手工艺解析，3分钟速成行家,02:45,【合集】黄金彩宝首饰,05_金属首饰与佩戴,黄金彩宝首饰,1702033051,10767,transcribed,/Users/wenjiechen/Desktop/gemology-kb/library/01_video/【合集】黄金彩宝首饰,,https://www.bilibili.com/video/BV1zj411W7yW
BV1Sb4y1K7Fs,拒绝千篇一律 这条黄金彩宝手链真不一样!,01:32,【合集】黄金彩宝首饰,02_彩色宝石,黄金彩宝首饰,1701779853,154734,transcribed,/Users/wenjiechen/Desktop/gemology-kb/library/01_video/【合集】黄金彩宝首饰,,https://www.bilibili.com/video/BV1Sb4y1K7Fs
BV1nH4y1C7Zy,哪个产地祖母绿较高？为什么存在产地溢价？,01:27,02_彩色宝石,02_彩色宝石,,1701521745,12398,transcribed,/Users/wenjiechen/Desktop/gemology-kb/library/01_video/02_彩色宝石,,https://www.bilibili.com/video/BV1nH4y1C7Zy
BV1FH4y117mk,谁懂！芬达这样搭妥妥的美拉德,02:17,02_彩色宝石,02_彩色宝石,,1701168408,12648,transcribed,/Users/wenjiechen/Desktop/gemology-kb/library/01_video/02_彩色宝石,,https://www.bilibili.com/video/BV1FH4y117mk
BV1qw411P7jf,黄金配彩宝 越看越上头！这谁能不爱？,03:45,【合集】黄金彩宝首饰,02_彩色宝石,黄金彩宝首饰,1700753718,29431,transcribed,/Users/wenjiechen/Desktop/gemology-kb/library/01_video/【合集】黄金彩宝首饰,,https://www.bilibili.com/video/BV1qw411P7jf
BV1qw411p7Bv,宝石专家研修班课程回顾 听听他们怎么说？,03:10,02_彩色宝石,02_彩色宝石,,1700490451,3151,transcribed,/Users/wenjiechen/Desktop/gemology-kb/library/01_video/02_彩色宝石,,https://www.bilibili.com/video/BV1qw411p7Bv
BV13c41167qY,婚戒怎么选？让尚美巴黎为爱加冕~,04:17,07_行情与选购,07_行情与选购,,1700225581,21498,transcribed,/Users/wenjiechen/Desktop/gemology-kb/library/01_video/07_行情与选购,,https://www.bilibili.com/video/BV13c41167qY
BV1KN41137xC,批发商做零售？为啥越做越亏的原因找到了！,03:24,08_行业与商业,08_行业与商业,,1699624374,16020,transcribed,/Users/wenjiechen/Desktop/gemology-kb/library/01_video/08_行业与商业,,https://www.bilibili.com/video/BV1KN41137xC
BV1Jz4y1P72P,名贵宝石里最大的漏是它！！低调稀少价不高,02:30,02_彩色宝石,02_彩色宝石,,1699445516,12936,transcribed,/Users/wenjiechen/Desktop/gemology-kb/library/01_video/02_彩色宝石,,https://www.bilibili.com/video/BV1Jz4y1P72P
BV1iu4y1771J,11月生辰石，小价位高颜值简直不要太香！,02:12,【合集】生辰石,07_行情与选购,生辰石,1699270878,77632,transcribed,/Users/wenjiechen/Desktop/gemology-kb/library/01_video/【合集】生辰石,,https://www.bilibili.com/video/BV1iu4y1771J
BV11G411C7oS,广钻与老许联名—实用宝石学家研修班开课啦！,02:12,01_钻石,01_钻石,,1698760771,11905,transcribed,/Users/wenjiechen/Desktop/gemology-kb/library/01_video/01_钻石,,https://www.bilibili.com/video/BV11G411C7oS
BV15e41197Bb,蓝宝石还会涨吗？背后的真相是什么？,02:08,02_彩色宝石,02_彩色宝石,,1698487200,29132,transcribed,/Users/wenjiechen/Desktop/gemology-kb/library/01_video/02_彩色宝石,,https://www.bilibili.com/video/BV15e41197Bb
BV1Lc411f7X5,圣玛利亚？ 准圣玛利亚？傻傻分不清楚,02:23,02_彩色宝石,02_彩色宝石,,1698324051,13114,transcribed,/Users/wenjiechen/Desktop/gemology-kb/library/01_video/02_彩色宝石,,https://www.bilibili.com/video/BV1Lc411f7X5
BV1d84y197GQ,珠宝行情会变好吗？珠宝商未来的路怎么走？,04:54,07_行情与选购,07_行情与选购,,1698150039,11862,transcribed,/Users/wenjiechen/Desktop/gemology-kb/library/01_video/07_行情与选购,,https://www.bilibili.com/video/BV1d84y197GQ
BV1GM411X7gK,许多福珠宝|11周年庆快乐！,02:40,09_品牌新品与动态,09_品牌新品与动态,,1698067109,9573,transcribed,/Users/wenjiechen/Desktop/gemology-kb/library/01_video/09_品牌新品与动态,,https://www.bilibili.com/video/BV1GM411X7gK
BV1fC4y1g7tD,11周年庆|红宝石专场！优惠来袭！！,01:29,02_彩色宝石,02_彩色宝石,,1697799198,9685,transcribed,/Users/wenjiechen/Desktop/gemology-kb/library/01_video/02_彩色宝石,,https://www.bilibili.com/video/BV1fC4y1g7tD
BV1Ah4y1B7h5,彩宝价格飙升，珠宝商却陷入困境？,05:11,02_彩色宝石,02_彩色宝石,,1697544526,12376,transcribed,/Users/wenjiechen/Desktop/gemology-kb/library/01_video/02_彩色宝石,,https://www.bilibili.com/video/BV1Ah4y1B7h5
BV1734y1g7bp,千万不要买Lagoon碧玺！一定要看完！！,03:39,02_彩色宝石,02_彩色宝石,,1697294137,143035,transcribed,/Users/wenjiechen/Desktop/gemology-kb/library/01_video/02_彩色宝石,,https://www.bilibili.com/video/BV1734y1g7bp
BV1Fu4y1s7ur,拼合宝石值得买吗？三分钟省下大几千,03:16,02_彩色宝石,02_彩色宝石,,1697117773,19604,transcribed,/Users/wenjiechen/Desktop/gemology-kb/library/01_video/02_彩色宝石,,https://www.bilibili.com/video/BV1Fu4y1s7ur
BV1Tp4y1u7ro,珠宝焕新的秘诀，竟然是这个！！,01:04,05_金属首饰与佩戴,05_金属首饰与佩戴,,1696939322,11113,transcribed,/Users/wenjiechen/Desktop/gemology-kb/library/01_video/05_金属首饰与佩戴,,https://www.bilibili.com/video/BV1Tp4y1u7ro
BV1LB4y1Z77n,价值百万课程，199起？,05:23,08_行业与商业,08_行业与商业,,1696857793,14360,transcribed,/Users/wenjiechen/Desktop/gemology-kb/library/01_video/08_行业与商业,,https://www.bilibili.com/video/BV1LB4y1Z77n
BV1JN411E72V,为什么有短视频和直播大家生意反而更差了？,06:26,08_行业与商业,08_行业与商业,,1696327200,14020,transcribed,/Users/wenjiechen/Desktop/gemology-kb/library/01_video/08_行业与商业,,https://www.bilibili.com/video/BV1JN411E72V
BV1q34y1G7tM,珠宝控们不容错过，专属上新价等你来选！,01:55,09_品牌新品与动态,09_品牌新品与动态,,1695981600,7300,transcribed,/Users/wenjiechen/Desktop/gemology-kb/library/01_video/09_品牌新品与动态,,https://www.bilibili.com/video/BV1q34y1G7tM
BV1uC4y1o76u,同样参数宝石，价差为什么这么大？,04:15,02_彩色宝石,02_彩色宝石,,1695829199,12299,transcribed,/Users/wenjiechen/Desktop/gemology-kb/library/01_video/02_彩色宝石,,https://www.bilibili.com/video/BV1uC4y1o76u
BV1QN411J7cf,五万预算可以买到什么样的珠宝？,03:18,07_行情与选购,07_行情与选购,,1695652469,15407,transcribed,/Users/wenjiechen/Desktop/gemology-kb/library/01_video/07_行情与选购,,https://www.bilibili.com/video/BV1QN411J7cf
BV1Ru4y1z7Rr,9月香港珠宝展总结复盘，真的太上头！,10:14,08_行业与商业,08_行业与商业,,1695502251,9970,transcribed,/Users/wenjiechen/Desktop/gemology-kb/library/01_video/08_行业与商业,,https://www.bilibili.com/video/BV1Ru4y1z7Rr
BV17P411b7b1,一克拉宝石价格全攻略，红宝石竟然要20万！,04:33,02_彩色宝石,02_彩色宝石,,1695302921,18293,transcribed,/Users/wenjiechen/Desktop/gemology-kb/library/01_video/02_彩色宝石,,https://www.bilibili.com/video/BV17P411b7b1
BV1BP411b7CN,谁说璀璨星河买不到？那是没见过欧泊！！,02:24,02_彩色宝石,02_彩色宝石,,1695128355,55762,transcribed,/Users/wenjiechen/Desktop/gemology-kb/library/01_video/02_彩色宝石,,https://www.bilibili.com/video/BV1BP411b7CN
BV1UK4y1c7bT,预算2万，可以买什么宝石？,02:18,02_彩色宝石,02_彩色宝石,,1695040309,16735,transcribed,/Users/wenjiechen/Desktop/gemology-kb/library/01_video/02_彩色宝石,,https://www.bilibili.com/video/BV1UK4y1c7bT
BV1SP411t77u,客订分享|怎么样拥有一件量身定制珠宝？,02:59,【合集】客订开箱合集,05_金属首饰与佩戴,客订开箱合集,1694772374,14784,transcribed,/Users/wenjiechen/Desktop/gemology-kb/library/01_video/【合集】客订开箱合集,,https://www.bilibili.com/video/BV1SP411t77u
BV1ep4y1A7PB,亚洲规模最大的珠宝盛会9月回归香港啦！,00:34,08_行业与商业,08_行业与商业,,1694656201,7299,transcribed,/Users/wenjiechen/Desktop/gemology-kb/library/01_video/08_行业与商业,,https://www.bilibili.com/video/BV1ep4y1A7PB
BV1MH4y1Q7jj,3分钟教会你不同尺寸的珍珠珠串怎么选!!,02:45,04_有机宝石,04_有机宝石,,1694615120,16530,transcribed,/Users/wenjiechen/Desktop/gemology-kb/library/01_video/04_有机宝石,,https://www.bilibili.com/video/BV1MH4y1Q7jj
BV1D14y167f2,市监局出手整顿水贝，珠宝代购还能做吗?!,04:21,08_行业与商业,08_行业与商业,,1694434746,34095,transcribed,/Users/wenjiechen/Desktop/gemology-kb/library/01_video/08_行业与商业,,https://www.bilibili.com/video/BV1D14y167f2
BV1wP41187tY,彩虹宝石来袭，你喜欢的颜色我都有!!,03:36,【合集】生辰石,02_彩色宝石,生辰石,1694014602,11687,transcribed,/Users/wenjiechen/Desktop/gemology-kb/library/01_video/【合集】生辰石,,https://www.bilibili.com/video/BV1wP41187tY
BV1xN4y197JL,世界名钻大盘点，最后一颗无人不知无人不晓,05:53,01_钻石,01_钻石,,1693913814,9894,transcribed,/Users/wenjiechen/Desktop/gemology-kb/library/01_video/01_钻石,,https://www.bilibili.com/video/BV1xN4y197JL
BV1hH4y1Q7b5,预算1万块，可以买什么宝石？,07:02,02_彩色宝石,02_彩色宝石,,1693670789,25403,transcribed,/Users/wenjiechen/Desktop/gemology-kb/library/01_video/02_彩色宝石,,https://www.bilibili.com/video/BV1hH4y1Q7b5
BV1k14y1y7mE,4个点教会你如何挑选高品质淡水珍珠!,04:49,04_有机宝石,04_有机宝石,,1693562400,7782,transcribed,/Users/wenjiechen/Desktop/gemology-kb/library/01_video/04_有机宝石,,https://www.bilibili.com/video/BV1k14y1y7mE
BV1nu4y1D7FS,劝你买帕帕拉恰的理由，这一个就够了！,02:22,02_彩色宝石,02_彩色宝石,,1693313395,19555,transcribed,/Users/wenjiechen/Desktop/gemology-kb/library/01_video/02_彩色宝石,,https://www.bilibili.com/video/BV1nu4y1D7FS
BV1uN411q7x1,核污水来袭，日本毁了整个珍珠业!!!,02:52,04_有机宝石,04_有机宝石,,1693221989,2512,transcribed,/Users/wenjiechen/Desktop/gemology-kb/library/01_video/04_有机宝石,,https://www.bilibili.com/video/BV1uN411q7x1
BV1mh4y1U7CU,无需礼貌问价，这一期是海蓝宝首饰明价局！,04:39,02_彩色宝石,02_彩色宝石,,1692801587,62123,transcribed,/Users/wenjiechen/Desktop/gemology-kb/library/01_video/02_彩色宝石,,https://www.bilibili.com/video/BV1mh4y1U7CU
BV1am4y1M71T,沉浸式挑蓝宝｜来看看珠宝商的选货日常,04:24,02_彩色宝石,02_彩色宝石,,1692707798,12743,transcribed,/Users/wenjiechen/Desktop/gemology-kb/library/01_video/02_彩色宝石,,https://www.bilibili.com/video/BV1am4y1M71T
BV11G411f7PW,镶嵌工艺天花板，一直被模仿却从未被超越!,03:16,05_金属首饰与佩戴,05_金属首饰与佩戴,,1692444905,15349,transcribed,/Users/wenjiechen/Desktop/gemology-kb/library/01_video/05_金属首饰与佩戴,,https://www.bilibili.com/video/BV11G411f7PW
BV1EF41117QU,珠宝科普｜7分钟教会你如何辨别精切宝石!,07:40,02_彩色宝石,02_彩色宝石,,1692354652,68571,transcribed,/Users/wenjiechen/Desktop/gemology-kb/library/01_video/02_彩色宝石,,https://www.bilibili.com/video/BV1EF41117QU
BV1TN41167cb,七夕送礼指南｜手把手教你高段位送礼,02:10,05_金属首饰与佩戴,05_金属首饰与佩戴,,1692014975,10906,transcribed,/Users/wenjiechen/Desktop/gemology-kb/library/01_video/05_金属首饰与佩戴,,https://www.bilibili.com/video/BV1TN41167cb
BV18r4y1Z7R3,珠宝避坑｜这种蓝宝石千万不要买!!,02:46,02_彩色宝石,02_彩色宝石,,1691756577,30228,transcribed,/Users/wenjiechen/Desktop/gemology-kb/library/01_video/02_彩色宝石,,https://www.bilibili.com/video/BV18r4y1Z7R3
BV1KV4y1v7Li,"全球经济萎靡,红宝石凭什么逆势大涨?",04:59,02_彩色宝石,02_彩色宝石,,1691589118,8594,transcribed,/Users/wenjiechen/Desktop/gemology-kb/library/01_video/02_彩色宝石,,https://www.bilibili.com/video/BV1KV4y1v7Li
BV11h4y1F72h,凭借倪妮一己之力，养活了多少珍珠商家？,02:08,04_有机宝石,04_有机宝石,,1691419041,18527,transcribed,/Users/wenjiechen/Desktop/gemology-kb/library/01_video/04_有机宝石,,https://www.bilibili.com/video/BV11h4y1F72h
BV1nu4y1R7Mg,别再说它是奶奶辈专属，祖母绿明明老少皆宜!!,02:05,02_彩色宝石,02_彩色宝石,,1691248613,22392,transcribed,/Users/wenjiechen/Desktop/gemology-kb/library/01_video/02_彩色宝石,,https://www.bilibili.com/video/BV1nu4y1R7Mg
BV1xh4y1r7gd,钻石价格大跌，持续”跳水”仍在进行中?!,06:20,01_钻石,01_钻石,,1691161519,17674,transcribed,/Users/wenjiechen/Desktop/gemology-kb/library/01_video/01_钻石,,https://www.bilibili.com/video/BV1xh4y1r7gd
BV1wj411R73s,八月生辰石橄榄石，生机勃勃的美丽森系宝石,02:57,【合集】生辰石,02_彩色宝石,生辰石,1690981975,18681,transcribed,/Users/wenjiechen/Desktop/gemology-kb/library/01_video/【合集】生辰石,,https://www.bilibili.com/video/BV1wj411R73s
BV1gk4y1G7qd,"老许带队,“钻石人生”国外游学8日之旅招贤纳士!!",02:37,01_钻石,01_钻石,,1690859346,4874,transcribed,/Users/wenjiechen/Desktop/gemology-kb/library/01_video/01_钻石,,https://www.bilibili.com/video/BV1gk4y1G7qd
BV1SV4y1q7jh,100颗精切彩色尖晶石上新，美丽宝石百元起!!,03:14,02_彩色宝石,02_彩色宝石,,1690624800,11110,transcribed,/Users/wenjiechen/Desktop/gemology-kb/library/01_video/02_彩色宝石,,https://www.bilibili.com/video/BV1SV4y1q7jh
BV1P14y167rW,在宝格丽团队的带领下学习珠宝设计，是种什么体验？,02:12,05_金属首饰与佩戴,05_金属首饰与佩戴,,1690542122,3666,transcribed,/Users/wenjiechen/Desktop/gemology-kb/library/01_video/05_金属首饰与佩戴,,https://www.bilibili.com/video/BV1P14y167rW
BV1Zh4y1y7W9,品质差的尖晶原石不要丢，雕刻一下也很美!,02:21,02_彩色宝石,02_彩色宝石,,1690375174,7674,transcribed,/Users/wenjiechen/Desktop/gemology-kb/library/01_video/02_彩色宝石,,https://www.bilibili.com/video/BV1Zh4y1y7W9
BV1p14y1X7m9,坐拥100颗彩色蓝宝石，是种什么样的体验？,05:01,02_彩色宝石,02_彩色宝石,,1690211623,4556,transcribed,/Users/wenjiechen/Desktop/gemology-kb/library/01_video/02_彩色宝石,,https://www.bilibili.com/video/BV1p14y1X7m9
BV1SP41167j5,男女通吃的灰尖晶，到底有多少种颜色？！,03:57,02_彩色宝石,02_彩色宝石,,1689945250,11916,transcribed,/Users/wenjiechen/Desktop/gemology-kb/library/01_video/02_彩色宝石,,https://www.bilibili.com/video/BV1SP41167j5
BV1EM4y1s7WY,华流才是顶流！新中式古法金情侣对戒即好看还保值‼,01:23,05_金属首饰与佩戴,05_金属首饰与佩戴,,1689844795,3985,transcribed,/Users/wenjiechen/Desktop/gemology-kb/library/01_video/05_金属首饰与佩戴,,https://www.bilibili.com/video/BV1EM4y1s7WY
BV15h4y1L73f,情侣必看｜小价位又自带高级感的情侣对戒它来咯~,01:47,05_金属首饰与佩戴,05_金属首饰与佩戴,,1689761942,7850,transcribed,/Users/wenjiechen/Desktop/gemology-kb/library/01_video/05_金属首饰与佩戴,,https://www.bilibili.com/video/BV15h4y1L73f
BV1sW4y1d7X1,一石藏星河，三位数买宇宙！火欧泊究竟何方神圣？,02:13,02_彩色宝石,02_彩色宝石,,1689680262,9181,transcribed,/Users/wenjiechen/Desktop/gemology-kb/library/01_video/02_彩色宝石,,https://www.bilibili.com/video/BV1sW4y1d7X1
BV1GW4y1d7uy,被朋友追问800遍，自带浪漫基因的情侣对戒‼,01:50,05_金属首饰与佩戴,05_金属首饰与佩戴,,1689594319,4066,transcribed,/Users/wenjiechen/Desktop/gemology-kb/library/01_video/05_金属首饰与佩戴,,https://www.bilibili.com/video/BV1GW4y1d7uy
BV1GF411Q77w,小众、平价、极简、日常，buff叠满的情侣对戒谁能不爱?!,02:48,05_金属首饰与佩戴,05_金属首饰与佩戴,,1689421747,13598,transcribed,/Users/wenjiechen/Desktop/gemology-kb/library/01_video/05_金属首饰与佩戴,,https://www.bilibili.com/video/BV1GF411Q77w
BV1ik4y1V7DQ,「20w粉丝成就达成」老许来给大家送福利啦！！,02:47,09_品牌新品与动态,09_品牌新品与动态,,1689258768,12166,transcribed,/Users/wenjiechen/Desktop/gemology-kb/library/01_video/09_品牌新品与动态,,https://www.bilibili.com/video/BV1ik4y1V7DQ
BV1xm4y1E7J9,为什么当上老板以后，反而越来越爱学习?!,03:22,08_行业与商业,08_行业与商业,,1689164442,107116,transcribed,/Users/wenjiechen/Desktop/gemology-kb/library/01_video/08_行业与商业,,https://www.bilibili.com/video/BV1xm4y1E7J9
BV1fj411o7hc,为什么珠宝定制更特别？因为每件都有故事！,02:48,【合集】客订开箱合集,05_金属首饰与佩戴,客订开箱合集,1688824111,6102,transcribed,/Users/wenjiechen/Desktop/gemology-kb/library/01_video/【合集】客订开箱合集,,https://www.bilibili.com/video/BV1fj411o7hc
BV1xX4y1e7sP,七月生辰石上新，100颗精选红宝千元起！,02:34,【合集】生辰石,02_彩色宝石,生辰石,1688741767,11208,transcribed,/Users/wenjiechen/Desktop/gemology-kb/library/01_video/【合集】生辰石,,https://www.bilibili.com/video/BV1xX4y1e7sP
BV1xV4y187LX,太亏贼了，什么叫精切?!这就叫精切！,03:48,05_金属首饰与佩戴,05_金属首饰与佩戴,,1688568882,42146,transcribed,/Users/wenjiechen/Desktop/gemology-kb/library/01_video/05_金属首饰与佩戴,,https://www.bilibili.com/video/BV1xV4y187LX
BV1NV4y1a7ua,去了趟吉尔德，这些宝石仿佛镀了一层金！,02:37,02_彩色宝石,02_彩色宝石,,1688389783,14897,transcribed,/Users/wenjiechen/Desktop/gemology-kb/library/01_video/02_彩色宝石,,https://www.bilibili.com/video/BV1NV4y1a7ua
BV1Vh4y1M7Kk,中泰两国发布定价指南 彩宝价格即将透明化？,01:13,02_彩色宝石,02_彩色宝石,,1688038706,15472,transcribed,/Users/wenjiechen/Desktop/gemology-kb/library/01_video/02_彩色宝石,,https://www.bilibili.com/video/BV1Vh4y1M7Kk
BV1ij411S7Vv,绝地武士颜色评级的秘密，你知道多少？,04:15,02_彩色宝石,02_彩色宝石,,1687955959,13520,transcribed,/Users/wenjiechen/Desktop/gemology-kb/library/01_video/02_彩色宝石,,https://www.bilibili.com/video/BV1ij411S7Vv
BV1SV4y1h7wL,别以为你的红宝石会发光，那玩意叫金红石纹,02:52,02_彩色宝石,02_彩色宝石,,1687860316,6304,transcribed,/Users/wenjiechen/Desktop/gemology-kb/library/01_video/02_彩色宝石,,https://www.bilibili.com/video/BV1SV4y1h7wL
BV1v14y127Pg,我8岁的儿子，竟然学会了用珠宝设计讲述爱,01:48,05_金属首饰与佩戴,05_金属首饰与佩戴,,1687600800,17690,transcribed,/Users/wenjiechen/Desktop/gemology-kb/library/01_video/05_金属首饰与佩戴,,https://www.bilibili.com/video/BV1v14y127Pg
BV1Gz4y1H7ou,8岁“珠宝设计师”，为外婆量身打造碧玺戒指,01:41,02_彩色宝石,02_彩色宝石,,1687515450,39988,transcribed,/Users/wenjiechen/Desktop/gemology-kb/library/01_video/02_彩色宝石,,https://www.bilibili.com/video/BV1Gz4y1H7ou
BV1mj411D7vd,AI珠宝设计可行吗？Midjourney到底是人工智能还是智障？,07:12,05_金属首饰与佩戴,05_金属首饰与佩戴,,1687356144,17130,transcribed,/Users/wenjiechen/Desktop/gemology-kb/library/01_video/05_金属首饰与佩戴,,https://www.bilibili.com/video/BV1mj411D7vd
BV1VW4y1Q7cV,感慨造物主鬼斧神工，世界竟有此等宝物!!,03:01,11_其他,11_其他,,1686922094,17549,transcribed,/Users/wenjiechen/Desktop/gemology-kb/library/01_video/11_其他,,https://www.bilibili.com/video/BV1VW4y1Q7cV
BV1hz4y1i7tZ,灰尖晶+AI设计，学生党也负担得起的平价首饰,02:42,02_彩色宝石,02_彩色宝石,,1686583790,15279,transcribed,/Users/wenjiechen/Desktop/gemology-kb/library/01_video/02_彩色宝石,,https://www.bilibili.com/video/BV1hz4y1i7tZ
BV1Kc411G7uk,月光石补货返场，199美美喜提六月生辰石,02:54,【合集】生辰石,02_彩色宝石,生辰石,1686142894,19887,transcribed,/Users/wenjiechen/Desktop/gemology-kb/library/01_video/【合集】生辰石,,https://www.bilibili.com/video/BV1Kc411G7uk
BV1iV4y1z7uv,迪丽热巴/范冰冰，谁才是真正的珍珠Queen？,02:54,04_有机宝石,04_有机宝石,,1685626017,9262,transcribed,/Users/wenjiechen/Desktop/gemology-kb/library/01_video/04_有机宝石,,https://www.bilibili.com/video/BV1iV4y1z7uv
BV1ah4y1d7ko,常见的红色宝石有哪些？不同预算如何选？,03:30,02_彩色宝石,02_彩色宝石,,1685515876,10027,transcribed,/Users/wenjiechen/Desktop/gemology-kb/library/01_video/02_彩色宝石,,https://www.bilibili.com/video/BV1ah4y1d7ko
BV1LM4y1e7Yp,结婚还在买钻戒？备婚必看的彩宝婚戒全攻略,03:37,01_钻石,01_钻石,,1685369858,28856,transcribed,/Users/wenjiechen/Desktop/gemology-kb/library/01_video/01_钻石,,https://www.bilibili.com/video/BV1LM4y1e7Yp
BV1eh4y147Uk,被夸上天的赛澳白淡水珠，值不值得买？,04:03,04_有机宝石,04_有机宝石,,1685195746,14633,transcribed,/Users/wenjiechen/Desktop/gemology-kb/library/01_video/04_有机宝石,,https://www.bilibili.com/video/BV1eh4y147Uk
BV1Km4y1b7w2,圣玛利亚海蓝宝石上新，低价好货可遇不可求,04:00,02_彩色宝石,02_彩色宝石,,1685101427,16989,transcribed,/Users/wenjiechen/Desktop/gemology-kb/library/01_video/02_彩色宝石,,https://www.bilibili.com/video/BV1Km4y1b7w2
BV1824y1N7eb,无需礼貌问价，圣玛利亚海蓝宝首饰泰裤辣！,03:20,02_彩色宝石,02_彩色宝石,,1684922743,15691,transcribed,/Users/wenjiechen/Desktop/gemology-kb/library/01_video/02_彩色宝石,,https://www.bilibili.com/video/BV1824y1N7eb
BV15u41147Uw,这是海蓝宝石吗，这应该是马尔代夫的海水吧！,03:03,02_彩色宝石,02_彩色宝石,,1684756557,16484,transcribed,/Users/wenjiechen/Desktop/gemology-kb/library/01_video/02_彩色宝石,,https://www.bilibili.com/video/BV15u41147Uw
BV1qs4y1M77T,时尚达人慈禧太后，仅凭一己之力就让碧玺火遍清朝后宫？,03:15,02_彩色宝石,02_彩色宝石,,1684501059,12950,transcribed,/Users/wenjiechen/Desktop/gemology-kb/library/01_video/02_彩色宝石,,https://www.bilibili.com/video/BV1qs4y1M77T
BV15c411N7TX,它是蓝宝平替？NO，坦桑石必须拥有姓名,02:48,02_彩色宝石,02_彩色宝石,,1684326103,15057,transcribed,/Users/wenjiechen/Desktop/gemology-kb/library/01_video/02_彩色宝石,,https://www.bilibili.com/video/BV15c411N7TX
BV1sk4y1L7BC,你手上的珠宝这么贵，可千万别戴错啦,02:45,05_金属首饰与佩戴,05_金属首饰与佩戴,,1684204075,15117,transcribed,/Users/wenjiechen/Desktop/gemology-kb/library/01_video/05_金属首饰与佩戴,,https://www.bilibili.com/video/BV1sk4y1L7BC
BV1kh411c7yR,不计成本改切，这批改切灰尖晶堪比整过容,03:07,02_彩色宝石,02_彩色宝石,,1683981014,16658,transcribed,/Users/wenjiechen/Desktop/gemology-kb/library/01_video/02_彩色宝石,,https://www.bilibili.com/video/BV1kh411c7yR
BV17k4y177TZ,股票基金不如黄金，年轻人开始逐渐大妈化？,03:08,05_金属首饰与佩戴,05_金属首饰与佩戴,,1683892407,8647,transcribed,/Users/wenjiechen/Desktop/gemology-kb/library/01_video/05_金属首饰与佩戴,,https://www.bilibili.com/video/BV17k4y177TZ
BV1ZT411b7Lp,姐妹们听听劝吧，母亲节送1k的淡水珍珠它不香吗？,01:36,04_有机宝石,04_有机宝石,,1683548580,10415,transcribed,/Users/wenjiechen/Desktop/gemology-kb/library/01_video/04_有机宝石,,https://www.bilibili.com/video/BV1ZT411b7Lp
BV1fo4y1F7Wu,猛男里边请，这一期是你无法抗拒的骚粉色！,01:54,11_其他,11_其他,,1683281536,17489,transcribed,/Users/wenjiechen/Desktop/gemology-kb/library/01_video/11_其他,,https://www.bilibili.com/video/BV1fo4y1F7Wu
BV1Ms4y1X7sC,五月生辰石，你还觉得祖母绿高攀不起？,02:13,【合集】生辰石,02_彩色宝石,生辰石,1683108235,20296,transcribed,/Users/wenjiechen/Desktop/gemology-kb/library/01_video/【合集】生辰石,,https://www.bilibili.com/video/BV1Ms4y1X7sC
BV1cs4y1X7Hc,如果和我去彩宝原产地游学，你最想去哪里？,02:43,02_彩色宝石,02_彩色宝石,,1683023980,18825,transcribed,/Users/wenjiechen/Desktop/gemology-kb/library/01_video/02_彩色宝石,,https://www.bilibili.com/video/BV1cs4y1X7Hc
BV1GT411h7gZ,前方心动预警，看看富婆的首饰盒里都有啥,02:37,【合集】珠宝开箱,05_金属首饰与佩戴,珠宝开箱,1682762400,16374,transcribed,/Users/wenjiechen/Desktop/gemology-kb/library/01_video/【合集】珠宝开箱,,https://www.bilibili.com/video/BV1GT411h7gZ
BV1TM411G7K6,AI”入侵”珠宝行业，他们准备失业了吗?,03:44,08_行业与商业,08_行业与商业,,1682678233,15581,transcribed,/Users/wenjiechen/Desktop/gemology-kb/library/01_video/08_行业与商业,,https://www.bilibili.com/video/BV1TM411G7K6
BV1214y1f7UL,乘风破浪的姐姐?！朱珠才不需要乘风破浪,03:23,11_其他,11_其他,,1682506992,137096,transcribed,/Users/wenjiechen/Desktop/gemology-kb/library/01_video/11_其他,,https://www.bilibili.com/video/BV1214y1f7UL
BV1jP411U73A,小价位体验贵妇级快乐，是淡水珍珠才能给的,01:11,04_有机宝石,04_有机宝石,,1682321410,15936,transcribed,/Users/wenjiechen/Desktop/gemology-kb/library/01_video/04_有机宝石,,https://www.bilibili.com/video/BV1jP411U73A
BV18T411n7SF,20岁经济独立，轻轻松松全款拿下“粉钻”,02:41,01_钻石,01_钻石,,1682157600,12921,transcribed,/Users/wenjiechen/Desktop/gemology-kb/library/01_video/01_钻石,,https://www.bilibili.com/video/BV18T411n7SF
BV1La4y1P7Q9,缅甸红宝竟然也有便宜的?主打一个性价比！,03:25,02_彩色宝石,02_彩色宝石,,1681986817,14316,transcribed,/Users/wenjiechen/Desktop/gemology-kb/library/01_video/02_彩色宝石,,https://www.bilibili.com/video/BV1La4y1P7Q9
BV1Rh41177fD,硬核知识科普，无良商家看完连夜提桶跑路！,03:09,06_鉴定与避坑,06_鉴定与避坑,,1681725442,12920,transcribed,/Users/wenjiechen/Desktop/gemology-kb/library/01_video/06_鉴定与避坑,,https://www.bilibili.com/video/BV1Rh41177fD
BV16h41177pc,石榴石不值钱吗?!这几种会颠覆你的想象!!,02:41,02_彩色宝石,02_彩色宝石,,1681553768,24084,transcribed,/Users/wenjiechen/Desktop/gemology-kb/library/01_video/02_彩色宝石,,https://www.bilibili.com/video/BV16h41177pc
BV1Xa4y1N7AW,新手入门买首饰，99%的人都吃过这个亏！,03:08,05_金属首饰与佩戴,05_金属首饰与佩戴,,1681467386,9262,transcribed,/Users/wenjiechen/Desktop/gemology-kb/library/01_video/05_金属首饰与佩戴,,https://www.bilibili.com/video/BV1Xa4y1N7AW
BV1Cg4y1u7CG,钱包对不起，我真的很需要这颗小价位黄蓝宝,02:55,02_彩色宝石,02_彩色宝石,,1681294319,13505,transcribed,/Users/wenjiechen/Desktop/gemology-kb/library/01_video/02_彩色宝石,,https://www.bilibili.com/video/BV1Cg4y1u7CG
BV1E54y1F7hw,克拉溢价，买宝石前必须要知道的珠宝冷知识,02:09,02_彩色宝石,02_彩色宝石,,1681123417,10117,transcribed,/Users/wenjiechen/Desktop/gemology-kb/library/01_video/02_彩色宝石,,https://www.bilibili.com/video/BV1E54y1F7hw
BV1Qs4y127N2,GIA恢复纸质证书，你怎么看？,00:57,06_鉴定与避坑,06_鉴定与避坑,,1680864301,10148,transcribed,/Users/wenjiechen/Desktop/gemology-kb/library/01_video/06_鉴定与避坑,,https://www.bilibili.com/video/BV1Qs4y127N2
BV1zk4y1v7Gf,红蓝宝石何时降价，看完这期你就明白了!!,03:43,02_彩色宝石,02_彩色宝石,,1680781048,14639,transcribed,/Users/wenjiechen/Desktop/gemology-kb/library/01_video/02_彩色宝石,,https://www.bilibili.com/video/BV1zk4y1v7Gf
BV1rT411s79n,红宝平替强势逆袭，红尖晶凭什么身价翻倍?,03:16,02_彩色宝石,02_彩色宝石,,1680607892,31006,transcribed,/Users/wenjiechen/Desktop/gemology-kb/library/01_video/02_彩色宝石,,https://www.bilibili.com/video/BV1rT411s79n
BV15M4y127WZ,四月生辰石，全网最强的钻石选购全攻略,06:48,【合集】彩宝选购合集,01_钻石,彩宝选购合集,1680348444,15826,transcribed,/Users/wenjiechen/Desktop/gemology-kb/library/01_video/【合集】彩宝选购合集,,https://www.bilibili.com/video/BV15M4y127WZ
BV1WV4y1Q7mo,墨西哥欧泊，你绝不能错过的三位数美丽宝石,02:42,【合集】彩宝选购合集,02_彩色宝石,彩宝选购合集,1680174837,35000,transcribed,/Users/wenjiechen/Desktop/gemology-kb/library/01_video/【合集】彩宝选购合集,,https://www.bilibili.com/video/BV1WV4y1Q7mo
BV1Hm4y1z7tV,近期九款客订分享，这样算是翻车了吗?!,04:24,【合集】客订开箱合集,05_金属首饰与佩戴,客订开箱合集,1680089770,14842,transcribed,/Users/wenjiechen/Desktop/gemology-kb/library/01_video/【合集】客订开箱合集,,https://www.bilibili.com/video/BV1Hm4y1z7tV
BV1Ps4y1J7Gr,维纳斯澳白的最强平替，四舍五入剩下1个亿,01:55,04_有机宝石,04_有机宝石,,1679913149,51876,transcribed,/Users/wenjiechen/Desktop/gemology-kb/library/01_video/04_有机宝石,,https://www.bilibili.com/video/BV1Ps4y1J7Gr
BV1BL411Q7Wx,明明都是VVG的祖母绿，凭啥价格相差十几倍？,02:14,【合集】彩宝选购合集,02_彩色宝石,彩宝选购合集,1679739619,15789,transcribed,/Users/wenjiechen/Desktop/gemology-kb/library/01_video/【合集】彩宝选购合集,,https://www.bilibili.com/video/BV1BL411Q7Wx
BV1pg4y1W7PC,坑坑洼洼的宝石竟然也有人争相购买？,01:52,【合集】彩宝选购合集,02_彩色宝石,彩宝选购合集,1679569612,17994,transcribed,/Users/wenjiechen/Desktop/gemology-kb/library/01_video/【合集】彩宝选购合集,,https://www.bilibili.com/video/BV1pg4y1W7PC
BV1Pk4y1t7RL,日出到日落，帕帕拉恰颜色跨度究竟有多大？,02:38,【合集】彩宝选购合集,02_彩色宝石,彩宝选购合集,1679405994,50369,transcribed,/Users/wenjiechen/Desktop/gemology-kb/library/01_video/【合集】彩宝选购合集,,https://www.bilibili.com/video/BV1Pk4y1t7RL
BV1DY4y1Q7Tr,性冷淡风宝石有哪些？灰尖晶稳居C位,02:10,【合集】彩宝选购合集,02_彩色宝石,彩宝选购合集,1679133600,17932,transcribed,/Users/wenjiechen/Desktop/gemology-kb/library/01_video/【合集】彩宝选购合集,,https://www.bilibili.com/video/BV1DY4y1Q7Tr
BV1V24y1u7dd,香港珠宝展后还有哪些值得购买的宝石？,03:39,02_彩色宝石,02_彩色宝石,,1678961948,13844,downloaded,/Users/wenjiechen/Desktop/gemology-kb/library/01_video/02_彩色宝石,,https://www.bilibili.com/video/BV1V24y1u7dd
BV1px4y1K7ph,GIA全面数字化，从此告别钻石纸质证书,02:58,01_钻石,01_钻石,,1678708068,13950,transcribed,/Users/wenjiechen/Desktop/gemology-kb/library/01_video/01_钻石,,https://www.bilibili.com/video/BV1px4y1K7ph
BV1Hk4y1h7uG,震惊!小几百竟然能够买到如此美的月光石?!,02:22,02_彩色宝石,02_彩色宝石,,1678531746,25002,transcribed,/Users/wenjiechen/Desktop/gemology-kb/library/01_video/02_彩色宝石,,https://www.bilibili.com/video/BV1Hk4y1h7uG
BV12x4y1N7NB,珠宝展后，究竟是贩卖焦虑还是真涨价？,03:38,07_行情与选购,07_行情与选购,,1678443599,13481,transcribed,/Users/wenjiechen/Desktop/gemology-kb/library/01_video/07_行情与选购,,https://www.bilibili.com/video/BV12x4y1N7NB
BV1Wj411u77d,买红宝石前必看，资深买家手把手教你挑红宝,08:56,【合集】彩宝选购合集,02_彩色宝石,彩宝选购合集,1678193610,144547,transcribed,/Users/wenjiechen/Desktop/gemology-kb/library/01_video/【合集】彩宝选购合集,,https://www.bilibili.com/video/BV1Wj411u77d
BV1Ds4y1o76Z,蓝宝选购攻略，看看珠宝商都是如何买蓝宝的,05:29,【合集】彩宝选购合集,02_彩色宝石,彩宝选购合集,1677848834,18151,transcribed,/Users/wenjiechen/Desktop/gemology-kb/library/01_video/【合集】彩宝选购合集,,https://www.bilibili.com/video/BV1Ds4y1o76Z
BV1oM4y1o7bw,3分钟从小白变大神，史诗级海蓝宝选购攻略,03:19,【合集】彩宝选购合集,02_彩色宝石,彩宝选购合集,1677674854,21838,transcribed,/Users/wenjiechen/Desktop/gemology-kb/library/01_video/【合集】彩宝选购合集,,https://www.bilibili.com/video/BV1oM4y1o7bw
BV1bY4y1m7tA,珍珠首饰明价局，便宜又好看谁不心动啊!!,02:58,04_有机宝石,04_有机宝石,,1677588941,15838,transcribed,/Users/wenjiechen/Desktop/gemology-kb/library/01_video/04_有机宝石,,https://www.bilibili.com/video/BV1bY4y1m7tA
BV1EX4y1973U,富婆的珠宝成品开箱，每一件都让人拍手称绝,03:01,【合集】珠宝开箱,11_其他,珠宝开箱,1677315600,22890,transcribed,/Users/wenjiechen/Desktop/gemology-kb/library/01_video/【合集】珠宝开箱,,https://www.bilibili.com/video/BV1EX4y1973U
BV18Y411k7Gy,小千就能轻松拿下的五大贵宝——金绿宝石,03:14,【合集】彩宝选购合集,02_彩色宝石,彩宝选购合集,1677147442,19675,transcribed,/Users/wenjiechen/Desktop/gemology-kb/library/01_video/【合集】彩宝选购合集,,https://www.bilibili.com/video/BV18Y411k7Gy
BV1SM411J7D2,OMG它们竟然都是鸽血红，你敢信?!,02:23,02_彩色宝石,02_彩色宝石,,1677063144,11044,transcribed,/Users/wenjiechen/Desktop/gemology-kb/library/01_video/02_彩色宝石,,https://www.bilibili.com/video/BV1SM411J7D2
BV1Ky4y1Z7zX,离了个大谱，彩宝真的又双叒要涨价了!!!,02:38,02_彩色宝石,02_彩色宝石,,1676891739,23902,transcribed,/Users/wenjiechen/Desktop/gemology-kb/library/01_video/02_彩色宝石,,https://www.bilibili.com/video/BV1Ky4y1Z7zX
BV1ET411D7mW,钻石平替怎么选？合成钻or白蓝宝,02:24,01_钻石,01_钻石,,1676714095,17941,transcribed,/Users/wenjiechen/Desktop/gemology-kb/library/01_video/01_钻石,,https://www.bilibili.com/video/BV1ET411D7mW
BV1mR4y1i71G,Tiffany一手捧红的夜公主——紫锂辉,02:20,02_彩色宝石,02_彩色宝石,,1676543268,22773,transcribed,/Users/wenjiechen/Desktop/gemology-kb/library/01_video/02_彩色宝石,,https://www.bilibili.com/video/BV1mR4y1i71G
BV1g54y1K7xP,英文名还能这样取?!珠宝人的独特取名方式,01:29,08_行业与商业,08_行业与商业,,1676373202,13250,transcribed,/Users/wenjiechen/Desktop/gemology-kb/library/01_video/08_行业与商业,,https://www.bilibili.com/video/BV1g54y1K7xP
BV14D4y1P7JC,祖母绿也有平替?! 2分钟教你花小钱办大事,02:12,02_彩色宝石,02_彩色宝石,,1676291627,671105,transcribed,/Users/wenjiechen/Desktop/gemology-kb/library/01_video/02_彩色宝石,,https://www.bilibili.com/video/BV14D4y1P7JC
BV1Y24y1W7T2,1.8w的钻石十年后只值180?钻石骗局终于结束了?,01:37,01_钻石,01_钻石,,1676109600,11718,transcribed,/Users/wenjiechen/Desktop/gemology-kb/library/01_video/01_钻石,,https://www.bilibili.com/video/BV1Y24y1W7T2
BV1Z54y1P7LP,抽奖啦抽奖啦，二月生辰石紫水晶免费送!!!,03:02,【合集】生辰石,02_彩色宝石,生辰石,1675936654,15752,downloaded,/Users/wenjiechen/Desktop/gemology-kb/library/01_video/【合集】生辰石,,https://www.bilibili.com/video/BV1Z54y1P7LP
BV1ov4y1t7Rb,千元预算，高质量情人节礼物攻略它来咯~,02:27,05_金属首饰与佩戴,05_金属首饰与佩戴,,1675768553,18347,transcribed,/Users/wenjiechen/Desktop/gemology-kb/library/01_video/05_金属首饰与佩戴,,https://www.bilibili.com/video/BV1ov4y1t7Rb
BV1vG4y1U71F,古柏林新增商用名称，红宝界又添一员大将,03:38,02_彩色宝石,02_彩色宝石,,1675680257,9531,transcribed,/Users/wenjiechen/Desktop/gemology-kb/library/01_video/02_彩色宝石,,https://www.bilibili.com/video/BV1vG4y1U71F
BV16T411d7hP,珠宝行业太内卷，宝石竟然可以定制成13.14ct!!,02:06,02_彩色宝石,02_彩色宝石,,1675420012,17082,transcribed,/Users/wenjiechen/Desktop/gemology-kb/library/01_video/02_彩色宝石,,https://www.bilibili.com/video/BV16T411d7hP
BV1PM411q79G,资深珠宝人告诉你，这样鉴定宝石不靠谱！,02:21,02_彩色宝石,02_彩色宝石,,1675253968,15006,transcribed,/Users/wenjiechen/Desktop/gemology-kb/library/01_video/02_彩色宝石,,https://www.bilibili.com/video/BV1PM411q79G
BV1GD4y1J7Mh,高端玩家定制款式，超级玩家定制裸石!!,01:33,02_彩色宝石,02_彩色宝石,,1675159200,21183,transcribed,/Users/wenjiechen/Desktop/gemology-kb/library/01_video/02_彩色宝石,,https://www.bilibili.com/video/BV1GD4y1J7Mh
BV193411R7nA,不是吧阿sir，你竟然还不知道自己的生辰石？,05:30,【合集】生辰石,11_其他,生辰石,1674900000,192679,downloaded,/Users/wenjiechen/Desktop/gemology-kb/library/01_video/【合集】生辰石,,https://www.bilibili.com/video/BV193411R7nA
BV1Sx4y1u7Pi,异形钻戒没市场?! 这么便宜不香吗?!,03:04,01_钻石,01_钻石,,1674637200,12019,transcribed,/Users/wenjiechen/Desktop/gemology-kb/library/01_video/01_钻石,,https://www.bilibili.com/video/BV1Sx4y1u7Pi
BV1GM411t7dk,宝石台面和火彩如何取舍？小孩子才做选择成年人全都要！,01:58,02_彩色宝石,02_彩色宝石,,1674550800,16229,transcribed,/Users/wenjiechen/Desktop/gemology-kb/library/01_video/02_彩色宝石,,https://www.bilibili.com/video/BV1GM411t7dk
BV1iA411R7ar,前方高能预警，一大波美轮美奂的彩宝即将来袭！,02:55,02_彩色宝石,02_彩色宝石,,1674039262,14152,transcribed,/Users/wenjiechen/Desktop/gemology-kb/library/01_video/02_彩色宝石,,https://www.bilibili.com/video/BV1iA411R7ar
BV1sR4y1e79H,珠宝人的年终客订总结，回顾22年我做过的那些神仙客订!!,02:39,【合集】客订开箱合集,05_金属首饰与佩戴,客订开箱合集,1673951967,19375,transcribed,/Users/wenjiechen/Desktop/gemology-kb/library/01_video/【合集】客订开箱合集,,https://www.bilibili.com/video/BV1sR4y1e79H
BV1iY411979h,一月生辰石，石榴石真的好看还不贵!!,02:32,【合集】生辰石,02_彩色宝石,生辰石,1673612539,35494,transcribed,/Users/wenjiechen/Desktop/gemology-kb/library/01_video/【合集】生辰石,,https://www.bilibili.com/video/BV1iY411979h
BV1MW4y137zy,珠宝行业分析报告 分享一些你不知道的事儿,03:39,08_行业与商业,08_行业与商业,,1673435743,28422,transcribed,/Users/wenjiechen/Desktop/gemology-kb/library/01_video/08_行业与商业,,https://www.bilibili.com/video/BV1MW4y137zy
BV1AR4y12772,新年必备款，红宝首饰给你满满的仪式感!,02:54,02_彩色宝石,02_彩色宝石,,1673349592,12562,transcribed,/Users/wenjiechen/Desktop/gemology-kb/library/01_video/02_彩色宝石,,https://www.bilibili.com/video/BV1AR4y12772
BV1BW4y1G7Ar,book思议! 快来欣赏8岁男孩的珠宝设计,02:50,05_金属首饰与佩戴,05_金属首饰与佩戴,,1673086659,30663,transcribed,/Users/wenjiechen/Desktop/gemology-kb/library/01_video/05_金属首饰与佩戴,,https://www.bilibili.com/video/BV1BW4y1G7Ar
BV1o8411N7v8,芬达石or桂榴石? 99%珠宝商都会弄混的宝石,02:35,02_彩色宝石,02_彩色宝石,,1672828779,20871,transcribed,/Users/wenjiechen/Desktop/gemology-kb/library/01_video/02_彩色宝石,,https://www.bilibili.com/video/BV1o8411N7v8
BV1bg411t7bW,结婚只能用钻戒?! 英国皇室第一个say NO!!,02:43,01_钻石,01_钻石,,1672484773,15406,transcribed,/Users/wenjiechen/Desktop/gemology-kb/library/01_video/01_钻石,,https://www.bilibili.com/video/BV1bg411t7bW
BV1ve4y157Rk,8年增值4000万，是什么珠宝可以轻松跑赢房价？,02:33,07_行情与选购,07_行情与选购,,1672398065,14813,transcribed,/Users/wenjiechen/Desktop/gemology-kb/library/01_video/07_行情与选购,,https://www.bilibili.com/video/BV1ve4y157Rk
BV1644y1R7xS,蓝宝捡漏专场，错过今天再等一年!!!,02:35,02_彩色宝石,02_彩色宝石,,1672321041,18970,transcribed,/Users/wenjiechen/Desktop/gemology-kb/library/01_video/02_彩色宝石,,https://www.bilibili.com/video/BV1644y1R7xS
BV1aG4y1J7E4,1989年沙特皇室珠宝失窃，自此与泰国决裂33年,03:15,10_珠宝文化与故事,10_珠宝文化与故事,,1671711935,18710,transcribed,/Users/wenjiechen/Desktop/gemology-kb/library/01_video/10_珠宝文化与故事,,https://www.bilibili.com/video/BV1aG4y1J7E4
BV1Nd4y1e7WJ,钻石价格大跳水!真的吗?我不信!,01:36,01_钻石,01_钻石,,1671532460,19419,transcribed,/Users/wenjiechen/Desktop/gemology-kb/library/01_video/01_钻石,,https://www.bilibili.com/video/BV1Nd4y1e7WJ
BV1TA411R7wj,"首饰界的遗珠,却是提升气质的宝藏!!",01:32,05_金属首饰与佩戴,05_金属首饰与佩戴,,1671456131,13051,transcribed,/Users/wenjiechen/Desktop/gemology-kb/library/01_video/05_金属首饰与佩戴,,https://www.bilibili.com/video/BV1TA411R7wj
BV1jG4y1g7ZT,港圈豪门阔太，一个坐拥价值百亿珠宝的女人!!,02:11,10_珠宝文化与故事,10_珠宝文化与故事,,1671190718,16052,transcribed,/Users/wenjiechen/Desktop/gemology-kb/library/01_video/10_珠宝文化与故事,,https://www.bilibili.com/video/BV1jG4y1g7ZT
BV1td4y1v786,明星都爱买什么珠宝?谁才是娱乐圈的珠宝大户?,01:52,07_行情与选购,07_行情与选购,,1671104631,16832,transcribed,/Users/wenjiechen/Desktop/gemology-kb/library/01_video/07_行情与选购,,https://www.bilibili.com/video/BV1td4y1v786
BV1o44y1o72r,让我看看是哪个男朋友还不会送圣诞节礼物?,01:48,05_金属首饰与佩戴,05_金属首饰与佩戴,,1671011734,22203,transcribed,/Users/wenjiechen/Desktop/gemology-kb/library/01_video/05_金属首饰与佩戴,,https://www.bilibili.com/video/BV1o44y1o72r
BV1AA41197KE,可以天天吃海参，但请别再吃金箔牛排!!!,01:33,11_其他,11_其他,,1670839881,8552,transcribed,/Users/wenjiechen/Desktop/gemology-kb/library/01_video/11_其他,,https://www.bilibili.com/video/BV1AA41197KE
BV19d4y1s7TV,省钱秘籍它来咯，教你花最少的钱买最”大”的钻!!,01:12,01_钻石,01_钻石,,1670583657,16048,transcribed,/Users/wenjiechen/Desktop/gemology-kb/library/01_video/01_钻石,,https://www.bilibili.com/video/BV19d4y1s7TV
BV1ov4y1R7P3,没有任何一个女人可以拒绝鸡尾酒戒，戴安娜王妃也不行,01:24,05_金属首饰与佩戴,05_金属首饰与佩戴,,1670497627,22164,transcribed,/Users/wenjiechen/Desktop/gemology-kb/library/01_video/05_金属首饰与佩戴,,https://www.bilibili.com/video/BV1ov4y1R7P3
BV19G4y1g7Z3,当珠宝与2023流行色华丽碰撞，最后一款简直不要太好看!!,03:04,05_金属首饰与佩戴,05_金属首饰与佩戴,,1670324061,20750,transcribed,/Users/wenjiechen/Desktop/gemology-kb/library/01_video/05_金属首饰与佩戴,,https://www.bilibili.com/video/BV19G4y1g7Z3
BV1k841157nZ,蓝宝石万元内保姆级选购攻略 它来了！,02:46,【合集】彩宝选购合集,02_彩色宝石,彩宝选购合集,1670248245,116622,transcribed,/Users/wenjiechen/Desktop/gemology-kb/library/01_video/【合集】彩宝选购合集,,https://www.bilibili.com/video/BV1k841157nZ
BV1dv4y197vQ,年货珠宝篇｜你心仪的价位我都有！,02:54,07_行情与选购,07_行情与选购,,1670041780,14168,transcribed,/Users/wenjiechen/Desktop/gemology-kb/library/01_video/07_行情与选购,,https://www.bilibili.com/video/BV1dv4y197vQ
BV1Rd4y1x7WQ,女明星的拍卖会真的太开眼了！,02:38,08_行业与商业,08_行业与商业,,1669804382,26898,transcribed,/Users/wenjiechen/Desktop/gemology-kb/library/01_video/08_行业与商业,,https://www.bilibili.com/video/BV1Rd4y1x7WQ
BV1EP4y197J4,关之琳上亿珠宝拍卖会，海螺珠惊艳亮相！,02:09,04_有机宝石,04_有机宝石,,1669640862,103291,transcribed,/Users/wenjiechen/Desktop/gemology-kb/library/01_video/04_有机宝石,,https://www.bilibili.com/video/BV1EP4y197J4
BV12P411u7Zs,橙色宝石预警，超适合暖冬的芬达石来袭！,02:24,02_彩色宝石,02_彩色宝石,,1669376499,23583,transcribed,/Users/wenjiechen/Desktop/gemology-kb/library/01_video/02_彩色宝石,,https://www.bilibili.com/video/BV12P411u7Zs
BV1GP411u7zf,只有一万块的预算，教你买到最划算的珠宝,03:05,07_行情与选购,07_行情与选购,,1669295674,61469,transcribed,/Users/wenjiechen/Desktop/gemology-kb/library/01_video/07_行情与选购,,https://www.bilibili.com/video/BV1GP411u7zf
BV1724y1175L,有品位的男士戴什么珠宝？,03:30,05_金属首饰与佩戴,05_金属首饰与佩戴,,1669212000,21884,transcribed,/Users/wenjiechen/Desktop/gemology-kb/library/01_video/05_金属首饰与佩戴,,https://www.bilibili.com/video/BV1724y1175L
BV1nG4y1d7Zq,认识这颗宝石才算真的了解蓝宝石！,02:29,02_彩色宝石,02_彩色宝石,,1669039281,20060,transcribed,/Users/wenjiechen/Desktop/gemology-kb/library/01_video/02_彩色宝石,,https://www.bilibili.com/video/BV1nG4y1d7Zq
BV1NG4y147wT,什么样的切割能让祖母绿颜值增加价值翻倍？,03:24,02_彩色宝石,02_彩色宝石,,1668866400,16852,transcribed,/Users/wenjiechen/Desktop/gemology-kb/library/01_video/02_彩色宝石,,https://www.bilibili.com/video/BV1NG4y147wT
BV1AP41137RM,钻石有无荧光，光听实验室不得行！,01:54,01_钻石,01_钻石,,1668770066,38248,transcribed,/Users/wenjiechen/Desktop/gemology-kb/library/01_video/01_钻石,,https://www.bilibili.com/video/BV1AP41137RM
BV1ZW4y1s7K1,客订分享第1期 | 有想法的珠宝设计才能满足客户的需求！,03:15,【合集】客订开箱合集,05_金属首饰与佩戴,客订开箱合集,1668595732,14734,transcribed,/Users/wenjiechen/Desktop/gemology-kb/library/01_video/【合集】客订开箱合集,,https://www.bilibili.com/video/BV1ZW4y1s7K1
BV17Y411f7yp,从事珠宝鉴定师需要做些什么呢？,03:57,06_鉴定与避坑,06_鉴定与避坑,,1668424610,18499,transcribed,/Users/wenjiechen/Desktop/gemology-kb/library/01_video/06_鉴定与避坑,,https://www.bilibili.com/video/BV17Y411f7yp
BV1u14y1W74z,钻石复检，这些事儿不知道可能会踩坑！,02:59,01_钻石,01_钻石,,1668247800,18726,transcribed,/Users/wenjiechen/Desktop/gemology-kb/library/01_video/01_钻石,,https://www.bilibili.com/video/BV1u14y1W74z
BV1Gd4y1k7WM,明价局|这批碧玺太值得！,03:21,02_彩色宝石,02_彩色宝石,,1668166623,9052,transcribed,/Users/wenjiechen/Desktop/gemology-kb/library/01_video/02_彩色宝石,,https://www.bilibili.com/video/BV1Gd4y1k7WM
BV1Re4y1x7YZ,未来珠宝鉴定师还吃香吗？机械化后真的需要吗？,02:47,06_鉴定与避坑,06_鉴定与避坑,,1667907629,23418,transcribed,/Users/wenjiechen/Desktop/gemology-kb/library/01_video/06_鉴定与避坑,,https://www.bilibili.com/video/BV1Re4y1x7YZ
BV1AP4y127tm,买红宝石不能只看证书，十年珠宝人来说大实话！,02:14,02_彩色宝石,02_彩色宝石,,1667815399,21109,transcribed,/Users/wenjiechen/Desktop/gemology-kb/library/01_video/02_彩色宝石,,https://www.bilibili.com/video/BV1AP4y127tm
BV14G4y187FC,承认吧！你也会为海蓝宝着迷吧！,02:48,02_彩色宝石,02_彩色宝石,,1667562880,13819,transcribed,/Users/wenjiechen/Desktop/gemology-kb/library/01_video/02_彩色宝石,,https://www.bilibili.com/video/BV14G4y187FC
BV1M24y1f7ST,盘点同一颗裸石的多种可能性！坦桑专场,02:57,02_彩色宝石,02_彩色宝石,,1667483586,23178,transcribed,/Users/wenjiechen/Desktop/gemology-kb/library/01_video/02_彩色宝石,,https://www.bilibili.com/video/BV1M24y1f7ST
BV1rR4y1Q7SS,珠宝圈从业12年，那些你并不知道的事儿,03:30,08_行业与商业,08_行业与商业,,1666960773,10346,transcribed,/Users/wenjiechen/Desktop/gemology-kb/library/01_video/08_行业与商业,,https://www.bilibili.com/video/BV1rR4y1Q7SS
BV1HD4y1b7P3,鸭屎绿宝石？这颜色过分了！,01:44,02_彩色宝石,02_彩色宝石,,1666690923,7045,transcribed,/Users/wenjiechen/Desktop/gemology-kb/library/01_video/02_彩色宝石,,https://www.bilibili.com/video/BV1HD4y1b7P3
BV1LV4y1G7Xk,10周年庆来啦！福利必不可少！,02:36,09_品牌新品与动态,09_品牌新品与动态,,1666602000,16183,transcribed,/Users/wenjiechen/Desktop/gemology-kb/library/01_video/09_品牌新品与动态,,https://www.bilibili.com/video/BV1LV4y1G7Xk
BV1Q84y1z783,同样是几十分蓝宝石，差距为什么这么大？,02:18,02_彩色宝石,02_彩色宝石,,1666175432,12821,transcribed,/Users/wenjiechen/Desktop/gemology-kb/library/01_video/02_彩色宝石,,https://www.bilibili.com/video/BV1Q84y1z783
BV11W4y177Bw,还有啥不知道的，这只是祖母绿的冰山一角！,02:29,02_彩色宝石,02_彩色宝石,,1666088703,5445,transcribed,/Users/wenjiechen/Desktop/gemology-kb/library/01_video/02_彩色宝石,,https://www.bilibili.com/video/BV11W4y177Bw
BV1xW4y1J7Mi,卷起来了！过气的矿区建议改造成公园！,02:08,02_彩色宝石,02_彩色宝石,,1665826200,9410,transcribed,/Users/wenjiechen/Desktop/gemology-kb/library/01_video/02_彩色宝石,,https://www.bilibili.com/video/BV1xW4y1J7Mi
BV1fD4y1k7vh,收手吧！这些宝石太便宜怕被薅光！,02:43,02_彩色宝石,02_彩色宝石,,1665661938,25281,transcribed,/Users/wenjiechen/Desktop/gemology-kb/library/01_video/02_彩色宝石,,https://www.bilibili.com/video/BV1fD4y1k7vh
BV1AN4y1w7SM,你不会是最后一个才知道祖母绿有猫眼效应吧？,02:55,02_彩色宝石,02_彩色宝石,,1665566635,37265,transcribed,/Users/wenjiechen/Desktop/gemology-kb/library/01_video/02_彩色宝石,,https://www.bilibili.com/video/BV1AN4y1w7SM
BV17t4y1c7he,终究没能抵抗住水晶，毫不逊色贵宝！,03:40,【合集】宝石之国,02_彩色宝石,宝石之国,1665221706,30005,transcribed,/Users/wenjiechen/Desktop/gemology-kb/library/01_video/【合集】宝石之国,,https://www.bilibili.com/video/BV17t4y1c7he
BV19G4y1W78d,这颗即将亮相苏富比拍卖行的粉钻，女孩子的终极梦想！,02:15,01_钻石,01_钻石,,1665027248,11370,transcribed,/Users/wenjiechen/Desktop/gemology-kb/library/01_video/01_钻石,,https://www.bilibili.com/video/BV19G4y1W78d
BV1FD4y127zE,钻石真的会1克拉白菜价吗？最新数据分析！,05:33,01_钻石,01_钻石,,1664875800,15426,transcribed,/Users/wenjiechen/Desktop/gemology-kb/library/01_video/01_钻石,,https://www.bilibili.com/video/BV1FD4y127zE
BV17V4y1N7nk,设计图与成品不能说毫无关系，只能说一模一样！,02:33,05_金属首饰与佩戴,05_金属首饰与佩戴,,1664616600,3631,transcribed,/Users/wenjiechen/Desktop/gemology-kb/library/01_video/05_金属首饰与佩戴,,https://www.bilibili.com/video/BV17V4y1N7nk
BV1aN4y1P7NN,三分钟揭秘珠宝行业利润！,03:51,06_鉴定与避坑,06_鉴定与避坑,,1664519029,5669,transcribed,/Users/wenjiechen/Desktop/gemology-kb/library/01_video/06_鉴定与避坑,,https://www.bilibili.com/video/BV1aN4y1P7NN
BV1yD4y1C726,祖母绿和绿色绿柱石啥关系？,01:36,02_彩色宝石,02_彩色宝石,,1664361181,3829,transcribed,/Users/wenjiechen/Desktop/gemology-kb/library/01_video/02_彩色宝石,,https://www.bilibili.com/video/BV1yD4y1C726
BV18t4y1P7jx,宝石之国里的“脆皮”宝石有哪些？科普级盘点！,02:14,【合集】宝石之国,02_彩色宝石,宝石之国,1664186837,40881,transcribed,/Users/wenjiechen/Desktop/gemology-kb/library/01_video/【合集】宝石之国,,https://www.bilibili.com/video/BV18t4y1P7jx
BV1S24y1d7a2,温暖如光的芬达石，等你来挑选！,01:38,02_彩色宝石,02_彩色宝石,,1663927234,10487,transcribed,/Users/wenjiechen/Desktop/gemology-kb/library/01_video/02_彩色宝石,,https://www.bilibili.com/video/BV1S24y1d7a2
BV1j8411b75z,谁说珍珠太老气？看看巴洛克珍珠,01:40,04_有机宝石,04_有机宝石,,1663844719,5858,transcribed,/Users/wenjiechen/Desktop/gemology-kb/library/01_video/04_有机宝石,,https://www.bilibili.com/video/BV1j8411b75z
BV1ce4y1h7E3,路边捡到的小石头别扔，说不定是钻石呢？,01:07,01_钻石,01_钻石,,1663668000,6828,transcribed,/Users/wenjiechen/Desktop/gemology-kb/library/01_video/01_钻石,,https://www.bilibili.com/video/BV1ce4y1h7E3
BV1me411T7iK,买蓝宝在乎有烧无烧吗？颜值即正义,02:39,02_彩色宝石,02_彩色宝石,,1663581553,13313,transcribed,/Users/wenjiechen/Desktop/gemology-kb/library/01_video/02_彩色宝石,,https://www.bilibili.com/video/BV1me411T7iK
BV1Z24y1Z7Cg,什么证书让相同品质的珍珠价格差一倍！,03:05,04_有机宝石,04_有机宝石,,1663323483,20792,transcribed,/Users/wenjiechen/Desktop/gemology-kb/library/01_video/04_有机宝石,,https://www.bilibili.com/video/BV1Z24y1Z7Cg
BV1wd4y167rx,王室的珠宝价值不菲，趁机打开国王的珠宝匣……,02:19,10_珠宝文化与故事,10_珠宝文化与故事,,1663236000,16318,transcribed,/Users/wenjiechen/Desktop/gemology-kb/library/01_video/10_珠宝文化与故事,,https://www.bilibili.com/video/BV1wd4y167rx
BV13e4y187UX,果冻般质感的素面祖母绿，实在找不到理由拒绝！,01:32,02_彩色宝石,02_彩色宝石,,1663150441,6321,transcribed,/Users/wenjiechen/Desktop/gemology-kb/library/01_video/02_彩色宝石,,https://www.bilibili.com/video/BV13e4y187UX
BV1aP4y1Z7eR,宝石之国里的老大哥，存在几十亿年的黄钻，大有来头！,04:41,【合集】宝石之国,01_钻石,宝石之国,1663046595,115820,transcribed,/Users/wenjiechen/Desktop/gemology-kb/library/01_video/【合集】宝石之国,,https://www.bilibili.com/video/BV1aP4y1Z7eR
BV1KG4y1z7i4,合成钻石既然不保值，那值得买吗？,02:52,01_钻石,01_钻石,,1662716541,9011,transcribed,/Users/wenjiechen/Desktop/gemology-kb/library/01_video/01_钻石,,https://www.bilibili.com/video/BV1KG4y1z7i4
BV1Je41137eB,灰尖晶都已经火到这种程度了吗？,03:11,02_彩色宝石,02_彩色宝石,,1662633672,18794,transcribed,/Users/wenjiechen/Desktop/gemology-kb/library/01_video/02_彩色宝石,,https://www.bilibili.com/video/BV1Je41137eB
BV1yd4y1g7cf,打造一枚独一无二的戒指，采用这种设计效果出众,03:13,05_金属首饰与佩戴,05_金属首饰与佩戴,,1662372000,15159,transcribed,/Users/wenjiechen/Desktop/gemology-kb/library/01_video/05_金属首饰与佩戴,,https://www.bilibili.com/video/BV1yd4y1g7cf
BV12P4y1f7Vh,蹲一个现场鉴定，你们看看这些都是什么宝石？,01:07,02_彩色宝石,02_彩色宝石,,1662112800,8717,transcribed,/Users/wenjiechen/Desktop/gemology-kb/library/01_video/02_彩色宝石,,https://www.bilibili.com/video/BV12P4y1f7Vh
BV15t4y1J7rX,木佐色祖母绿为什么涨价，这几点一定要知道！,04:36,02_彩色宝石,02_彩色宝石,,1662026400,6699,transcribed,/Users/wenjiechen/Desktop/gemology-kb/library/01_video/02_彩色宝石,,https://www.bilibili.com/video/BV15t4y1J7rX
BV14e4y1Y7nq,阿富汗碧玺上新，无路可逃了朋友们！,03:15,02_彩色宝石,02_彩色宝石,,1661862935,10251,transcribed,/Users/wenjiechen/Desktop/gemology-kb/library/01_video/02_彩色宝石,,https://www.bilibili.com/video/BV14e4y1Y7nq
BV1xU4y167G2,“钻石恒久远一颗永流传”是怎么一路开挂的？,03:43,01_钻石,01_钻石,,1661594400,6772,transcribed,/Users/wenjiechen/Desktop/gemology-kb/library/01_video/01_钻石,,https://www.bilibili.com/video/BV1xU4y167G2
BV19P41157SH,不会还有人不知道这个“定情信物”的历史吧？,01:55,10_珠宝文化与故事,10_珠宝文化与故事,,1661424939,3775,transcribed,/Users/wenjiechen/Desktop/gemology-kb/library/01_video/10_珠宝文化与故事,,https://www.bilibili.com/video/BV19P41157SH
BV1XV4y1p7SS,90%的人遇到过的珠宝骗局，看完不要再上当了！,02:56,06_鉴定与避坑,06_鉴定与避坑,,1661335200,6906,transcribed,/Users/wenjiechen/Desktop/gemology-kb/library/01_video/06_鉴定与避坑,,https://www.bilibili.com/video/BV1XV4y1p7SS
BV1aP411j7gW,买宝石该考虑哪些方面？这一篇精准拿捏,08:20,02_彩色宝石,02_彩色宝石,,1660989600,10475,transcribed,/Users/wenjiechen/Desktop/gemology-kb/library/01_video/02_彩色宝石,,https://www.bilibili.com/video/BV1aP411j7gW
BV1xS4y1W7gp,哪些才是高性价比宝石？码住不后悔,05:25,02_彩色宝石,02_彩色宝石,,1660816800,23993,transcribed,/Users/wenjiechen/Desktop/gemology-kb/library/01_video/02_彩色宝石,,https://www.bilibili.com/video/BV1xS4y1W7gp
BV1WS4y1x7S9,性价比钻石上新 备婚买钻不踩坑,01:07,01_钻石,01_钻石,,1660642142,5836,transcribed,/Users/wenjiechen/Desktop/gemology-kb/library/01_video/01_钻石,,https://www.bilibili.com/video/BV1WS4y1x7S9
BV1kT411A7YK,明码标价八心八箭坦桑石，切出了矢车菊的感觉！,02:36,02_彩色宝石,02_彩色宝石,,1660561707,16955,transcribed,/Users/wenjiechen/Desktop/gemology-kb/library/01_video/02_彩色宝石,,https://www.bilibili.com/video/BV1kT411A7YK
BV1TT411A79b,越看越耐看的赛黄晶，趁小众先了解一下！,02:47,02_彩色宝石,02_彩色宝石,,1660298400,13482,transcribed,/Users/wenjiechen/Desktop/gemology-kb/library/01_video/02_彩色宝石,,https://www.bilibili.com/video/BV1TT411A79b
BV1tY4y1A7zM,此锆石非彼锆石 天然锆石什么样？,03:52,02_彩色宝石,02_彩色宝石,,1660125600,17431,transcribed,/Users/wenjiechen/Desktop/gemology-kb/library/01_video/02_彩色宝石,,https://www.bilibili.com/video/BV1tY4y1A7zM
BV1314y1b7Ln,珠宝遇到珐琅工艺碰撞出怎样的火花？,04:08,05_金属首饰与佩戴,05_金属首饰与佩戴,,1660033412,5210,transcribed,/Users/wenjiechen/Desktop/gemology-kb/library/01_video/05_金属首饰与佩戴,,https://www.bilibili.com/video/BV1314y1b7Ln
BV1qd4y1T7iq,这几种珠宝证书，到底有什么不一样？,06:18,06_鉴定与避坑,06_鉴定与避坑,,1659692815,13136,transcribed,/Users/wenjiechen/Desktop/gemology-kb/library/01_video/06_鉴定与避坑,,https://www.bilibili.com/video/BV1qd4y1T7iq
BV1Vd4y1S7F5,七夕特供｜原创设计带来的顶级浪漫！,04:39,05_金属首饰与佩戴,05_金属首饰与佩戴,,1659603925,7984,transcribed,/Users/wenjiechen/Desktop/gemology-kb/library/01_video/05_金属首饰与佩戴,,https://www.bilibili.com/video/BV1Vd4y1S7F5
BV1qU4y1Y7Ku,为什么彩色宝石的八心八箭那么少见？,05:40,02_彩色宝石,02_彩色宝石,,1659438181,45249,transcribed,/Users/wenjiechen/Desktop/gemology-kb/library/01_video/02_彩色宝石,,https://www.bilibili.com/video/BV1qU4y1Y7Ku
BV17B4y1r7B2,西藏饰品避坑指南，你中招了吗？,04:48,06_鉴定与避坑,06_鉴定与避坑,,1659350720,23529,transcribed,/Users/wenjiechen/Desktop/gemology-kb/library/01_video/06_鉴定与避坑,,https://www.bilibili.com/video/BV17B4y1r7B2
BV1eN4y177q8,从外表到身价都让你捉摸不透，还得是它！,05:27,11_其他,11_其他,,1659083650,102638,transcribed,/Users/wenjiechen/Desktop/gemology-kb/library/01_video/11_其他,,https://www.bilibili.com/video/BV1eN4y177q8
BV1Lr4y1j7hL,别的蓝宝石你都认识，这颗蓝宝石也想要逆袭！,05:03,02_彩色宝石,02_彩色宝石,,1658928821,19006,transcribed,/Users/wenjiechen/Desktop/gemology-kb/library/01_video/02_彩色宝石,,https://www.bilibili.com/video/BV1Lr4y1j7hL
BV1za411U7Nt,结婚珠宝怎么选？哪些一定要有？,03:27,05_金属首饰与佩戴,05_金属首饰与佩戴,,1658743666,14880,transcribed,/Users/wenjiechen/Desktop/gemology-kb/library/01_video/05_金属首饰与佩戴,,https://www.bilibili.com/video/BV1za411U7Nt
BV1pe4y197zZ,不同实验室标准不同结果不同，要咋整？！,04:05,06_鉴定与避坑,06_鉴定与避坑,,1658563387,9489,transcribed,/Users/wenjiechen/Desktop/gemology-kb/library/01_video/06_鉴定与避坑,,https://www.bilibili.com/video/BV1pe4y197zZ
BV1Sd4y1Q7KH,夏日珠宝重磅来袭！百搭海蓝宝超高性价比,02:04,02_彩色宝石,02_彩色宝石,,1658316723,16544,transcribed,/Users/wenjiechen/Desktop/gemology-kb/library/01_video/02_彩色宝石,,https://www.bilibili.com/video/BV1Sd4y1Q7KH
BV1p34y1J78q,买珠宝商家不一定会告诉你的证书坑，看完再也不怕被坑了！,04:41,06_鉴定与避坑,06_鉴定与避坑,,1658228919,10200,transcribed,/Users/wenjiechen/Desktop/gemology-kb/library/01_video/06_鉴定与避坑,,https://www.bilibili.com/video/BV1p34y1J78q
BV1we4y1d7Dz,听过超级圣玛利亚海蓝宝吗？,04:00,02_彩色宝石,02_彩色宝石,,1657877632,14046,transcribed,/Users/wenjiechen/Desktop/gemology-kb/library/01_video/02_彩色宝石,,https://www.bilibili.com/video/BV1we4y1d7Dz
BV1wa411H76K,宝石大国破产，还有人想捡漏？清醒一点！,03:43,02_彩色宝石,02_彩色宝石,,1657719382,32574,transcribed,/Users/wenjiechen/Desktop/gemology-kb/library/01_video/02_彩色宝石,,https://www.bilibili.com/video/BV1wa411H76K
BV1te4y1R7EV,谁说结婚只有“鸽子蛋”？来看看另类结婚珠宝！,01:30,05_金属首饰与佩戴,05_金属首饰与佩戴,,1657629433,94085,transcribed,/Users/wenjiechen/Desktop/gemology-kb/library/01_video/05_金属首饰与佩戴,,https://www.bilibili.com/video/BV1te4y1R7EV
BV1TS4y1J7Mm,什么蓝宝身价最高？你猜对了吗！,02:32,02_彩色宝石,02_彩色宝石,,1657529818,6030,transcribed,/Users/wenjiechen/Desktop/gemology-kb/library/01_video/02_彩色宝石,,https://www.bilibili.com/video/BV1TS4y1J7Mm
BV1RZ4y1a7rp,谁说石榴石都是便宜货？芬达石潜力无限大！,03:39,02_彩色宝石,02_彩色宝石,,1657273019,10930,transcribed,/Users/wenjiechen/Desktop/gemology-kb/library/01_video/02_彩色宝石,,https://www.bilibili.com/video/BV1RZ4y1a7rp
BV1AZ4y1Y74m,【10w粉丝抽奖后续】七月福利返场，不看亏大！,01:23,09_品牌新品与动态,09_品牌新品与动态,,1657098913,80222,transcribed,/Users/wenjiechen/Desktop/gemology-kb/library/01_video/09_品牌新品与动态,,https://www.bilibili.com/video/BV1AZ4y1Y74m
BV1rG411x7AP,三大、四大、五大贵重宝石傻傻分不清？看完就懂！,02:36,02_彩色宝石,02_彩色宝石,,1657019543,9226,transcribed,/Users/wenjiechen/Desktop/gemology-kb/library/01_video/02_彩色宝石,,https://www.bilibili.com/video/BV1rG411x7AP
BV13f4y1Z7cD,欧美年轻人始于颜值忠于品质的蓝宝石，竟然是它？,03:09,02_彩色宝石,02_彩色宝石,,1656730988,8283,transcribed,/Users/wenjiechen/Desktop/gemology-kb/library/01_video/02_彩色宝石,,https://www.bilibili.com/video/BV13f4y1Z7cD
BV1jB4y1W7mo,宝石放大镜的正确使用姿势应该是什么样？,01:54,02_彩色宝石,02_彩色宝石,,1656403807,8077,transcribed,/Users/wenjiechen/Desktop/gemology-kb/library/01_video/02_彩色宝石,,https://www.bilibili.com/video/BV1jB4y1W7mo
BV1Lt4y187u3,别跟风买这种欧泊，你知道你被“坑货”盯上了吗？,02:25,02_彩色宝石,02_彩色宝石,,1656323442,11192,transcribed,/Users/wenjiechen/Desktop/gemology-kb/library/01_video/02_彩色宝石,,https://www.bilibili.com/video/BV1Lt4y187u3
BV1pL4y1P74s,妙啊！祖母绿竟然是翡翠的平替？！,02:18,02_彩色宝石,02_彩色宝石,,1656060676,9477,transcribed,/Users/wenjiechen/Desktop/gemology-kb/library/01_video/02_彩色宝石,,https://www.bilibili.com/video/BV1pL4y1P74s
BV1kZ4y1v7nj,终于来了！10w粉丝成就达成，来送福利啦！,02:28,09_品牌新品与动态,09_品牌新品与动态,,1655895514,29001,transcribed,/Users/wenjiechen/Desktop/gemology-kb/library/01_video/09_品牌新品与动态,,https://www.bilibili.com/video/BV1kZ4y1v7nj
BV12Y4y1g7Jv,大学专业怎么选？珠宝设计值得报考吗？,05:13,05_金属首饰与佩戴,05_金属首饰与佩戴,,1655811681,15458,transcribed,/Users/wenjiechen/Desktop/gemology-kb/library/01_video/05_金属首饰与佩戴,,https://www.bilibili.com/video/BV12Y4y1g7Jv
BV1A3411u7gG,宝石之国里出场几分钟就占尽风光的帕帕拉恰，什么来头？,05:13,【合集】宝石之国,02_彩色宝石,宝石之国,1655712717,215088,transcribed,/Users/wenjiechen/Desktop/gemology-kb/library/01_video/【合集】宝石之国,,https://www.bilibili.com/video/BV1A3411u7gG
BV1tZ4y1v77E,那些被切工耽误的宝石，在我这儿涅槃重生,03:55,02_彩色宝石,02_彩色宝石,,1655388393,45338,transcribed,/Users/wenjiechen/Desktop/gemology-kb/library/01_video/02_彩色宝石,,https://www.bilibili.com/video/BV1tZ4y1v77E
BV1Ra411L7o3,用金属编织？是时候了解一下这些宝藏国风珠宝啦！,02:40,05_金属首饰与佩戴,05_金属首饰与佩戴,,1655203019,7540,transcribed,/Users/wenjiechen/Desktop/gemology-kb/library/01_video/05_金属首饰与佩戴,,https://www.bilibili.com/video/BV1Ra411L7o3
BV1Jr4y1375e,钻石起源到底是哪里？这一个地方万万没想到,01:59,01_钻石,01_钻石,,1655116325,1689,transcribed,/Users/wenjiechen/Desktop/gemology-kb/library/01_video/01_钻石,,https://www.bilibili.com/video/BV1Jr4y1375e
BV1Dv4y1u7AJ,珠 宝 从 业 经 验 坦 白 局,03:20,08_行业与商业,08_行业与商业,,1654859449,2737,transcribed,/Users/wenjiechen/Desktop/gemology-kb/library/01_video/08_行业与商业,,https://www.bilibili.com/video/BV1Dv4y1u7AJ
BV1gY4y1G7KZ,数学满分也未必算明白的钻石数学题,02:25,01_钻石,01_钻石,,1654776098,2617,transcribed,/Users/wenjiechen/Desktop/gemology-kb/library/01_video/01_钻石,,https://www.bilibili.com/video/BV1gY4y1G7KZ
BV1FY4y147w7,帕拉伊巴二选一，看完感觉自己又行了！,05:22,02_彩色宝石,02_彩色宝石,,1654609786,12785,transcribed,/Users/wenjiechen/Desktop/gemology-kb/library/01_video/02_彩色宝石,,https://www.bilibili.com/video/BV1FY4y147w7
BV1Q3411374x,来一场珍珠价格坦白局，这兄弟能处！,08:07,04_有机宝石,04_有机宝石,,1654398774,37590,transcribed,/Users/wenjiechen/Desktop/gemology-kb/library/01_video/04_有机宝石,,https://www.bilibili.com/video/BV1Q3411374x
BV1B94y1m7VA,国内知之甚少的珍珠，花一份功夫只能挣半分钱？,07:18,04_有机宝石,04_有机宝石,,1654169913,12618,transcribed,/Users/wenjiechen/Desktop/gemology-kb/library/01_video/04_有机宝石,,https://www.bilibili.com/video/BV1B94y1m7VA
BV1Ar4y1x77N,还在找尖晶石里的沧海遗珠？醒醒！别冷落了红尖晶！,07:34,02_彩色宝石,02_彩色宝石,,1654010396,29264,transcribed,/Users/wenjiechen/Desktop/gemology-kb/library/01_video/02_彩色宝石,,https://www.bilibili.com/video/BV1Ar4y1x77N
BV1vS4y1q7Wy,这期明价局，大克拉蓝宝石价 格怎么样？,03:58,02_彩色宝石,02_彩色宝石,,1653735840,7889,transcribed,/Users/wenjiechen/Desktop/gemology-kb/library/01_video/02_彩色宝石,,https://www.bilibili.com/video/BV1vS4y1q7Wy
BV1SS4y1z7uq,宝石切工解析 不懂切工哪敢买宝石？,04:59,02_彩色宝石,02_彩色宝石,,1653565361,3673,transcribed,/Users/wenjiechen/Desktop/gemology-kb/library/01_video/02_彩色宝石,,https://www.bilibili.com/video/BV1SS4y1z7uq
BV16t4y1W7eR,黄金、k金铂金区别在哪儿？不会不知道吧？,02:56,05_金属首饰与佩戴,05_金属首饰与佩戴,,1653392380,5381,transcribed,/Users/wenjiechen/Desktop/gemology-kb/library/01_video/05_金属首饰与佩戴,,https://www.bilibili.com/video/BV16t4y1W7eR
BV1W5411X7BB,为什么钻戒是结婚标配？看完偏不买钻石！,05:00,01_钻石,01_钻石,,1653117858,5366,transcribed,/Users/wenjiechen/Desktop/gemology-kb/library/01_video/01_钻石,,https://www.bilibili.com/video/BV1W5411X7BB
BV16Y4y1t7B1,刷到别着急走，要是没见过这种珠宝工艺还敢说自己是珠宝迷吗？,02:33,05_金属首饰与佩戴,05_金属首饰与佩戴,,1652948597,3344,transcribed,/Users/wenjiechen/Desktop/gemology-kb/library/01_video/05_金属首饰与佩戴,,https://www.bilibili.com/video/BV16Y4y1t7B1
BV1t34y1E73v,我跟别人说一万块能买到钻石 红宝石 蓝宝石 祖母绿 金绿宝石…他们都不信？？,05:19,01_钻石,01_钻石,,1652785870,20585,transcribed,/Users/wenjiechen/Desktop/gemology-kb/library/01_video/01_钻石,,https://www.bilibili.com/video/BV1t34y1E73v
BV1qS4y1b7Y6,现在这些产地的宝石你爱理不理，指不定以后咱高攀不起！,02:33,02_彩色宝石,02_彩色宝石,,1652524395,5153,transcribed,/Users/wenjiechen/Desktop/gemology-kb/library/01_video/02_彩色宝石,,https://www.bilibili.com/video/BV1qS4y1b7Y6
BV1Ja411J7Cu,稳赚不赔？？直面钻石价格问题 按需购买最现实,02:40,01_钻石,01_钻石,,1652433498,4594,transcribed,/Users/wenjiechen/Desktop/gemology-kb/library/01_video/01_钻石,,https://www.bilibili.com/video/BV1Ja411J7Cu
BV1uY4y1r7sB,惊了！头一次听说珠宝行业还有这等操作！,05:04,08_行业与商业,08_行业与商业,,1652270709,3464,transcribed,/Users/wenjiechen/Desktop/gemology-kb/library/01_video/08_行业与商业,,https://www.bilibili.com/video/BV1uY4y1r7sB
BV1xZ4y1a7oj,收藏提醒！一眼万年的月光石科普来啦！,04:28,02_彩色宝石,02_彩色宝石,,1652189972,16348,transcribed,/Users/wenjiechen/Desktop/gemology-kb/library/01_video/02_彩色宝石,,https://www.bilibili.com/video/BV1xZ4y1a7oj
BV15R4y1N7BA,高价买的手镯断了怎么办？用这些方法可以修,03:16,05_金属首饰与佩戴,05_金属首饰与佩戴,,1651926679,2925,transcribed,/Users/wenjiechen/Desktop/gemology-kb/library/01_video/05_金属首饰与佩戴,,https://www.bilibili.com/video/BV15R4y1N7BA
BV1R3411P79x,蓝宝平替？这颗高性价比彩色宝石你认识吗？,05:33,02_彩色宝石,02_彩色宝石,,1651754268,16856,transcribed,/Users/wenjiechen/Desktop/gemology-kb/library/01_video/02_彩色宝石,,https://www.bilibili.com/video/BV1R3411P79x
BV13r4y187Aq,碧玺价格变化，哪一个让你瞠目结舌后悔没囤,03:10,02_彩色宝石,02_彩色宝石,,1651456800,13841,transcribed,/Users/wenjiechen/Desktop/gemology-kb/library/01_video/02_彩色宝石,,https://www.bilibili.com/video/BV13r4y187Aq
BV1Nr4y1n7U4,突击检查，花里胡哨的碧玺你认识几种？,01:06,02_彩色宝石,02_彩色宝石,,1651234607,5310,transcribed,/Users/wenjiechen/Desktop/gemology-kb/library/01_video/02_彩色宝石,,https://www.bilibili.com/video/BV1Nr4y1n7U4
BV12i4y1m7zr,普通人买珠宝心理，宝石到底保不保值？,03:54,02_彩色宝石,02_彩色宝石,,1651056522,7164,transcribed,/Users/wenjiechen/Desktop/gemology-kb/library/01_video/02_彩色宝石,,https://www.bilibili.com/video/BV12i4y1m7zr
BV1Ta411e7fJ,黄金保不保值？看完可能会颠覆你的认知,02:50,05_金属首饰与佩戴,05_金属首饰与佩戴,,1650891566,26381,transcribed,/Users/wenjiechen/Desktop/gemology-kb/library/01_video/05_金属首饰与佩戴,,https://www.bilibili.com/video/BV1Ta411e7fJ
BV1A34y1e76k,比钻石还闪的宝石，看一眼口水忍不住哗啦哗啦地流…,02:31,01_钻石,01_钻石,,1650536425,26351,transcribed,/Users/wenjiechen/Desktop/gemology-kb/library/01_video/01_钻石,,https://www.bilibili.com/video/BV1A34y1e76k
BV1Ju411y7kZ,除了祖母绿、海蓝宝、粉摩根，这个家族还有一种宝石值得你关注！,02:53,02_彩色宝石,02_彩色宝石,,1650448209,5195,transcribed,/Users/wenjiechen/Desktop/gemology-kb/library/01_video/02_彩色宝石,,https://www.bilibili.com/video/BV1Ju411y7kZ
BV13Z4y117L7,男生该怎么选择珠宝？看完这期做人群中最靓的仔,05:07,07_行情与选购,07_行情与选购,,1650342814,5392,transcribed,/Users/wenjiechen/Desktop/gemology-kb/library/01_video/07_行情与选购,,https://www.bilibili.com/video/BV13Z4y117L7
BV1H3411T7LF,当你看透珠宝工艺里的门道，手里的大钻戒还香吗？,04:25,01_钻石,01_钻石,,1650105559,5103,transcribed,/Users/wenjiechen/Desktop/gemology-kb/library/01_video/01_钻石,,https://www.bilibili.com/video/BV1H3411T7LF
BV1o44y1V71h,谁能拒绝欧泊的颜值？这个夏天你想要的颜色它都有！,03:32,02_彩色宝石,02_彩色宝石,,1649947354,23671,transcribed,/Users/wenjiechen/Desktop/gemology-kb/library/01_video/02_彩色宝石,,https://www.bilibili.com/video/BV1o44y1V71h
BV1EB4y1U7i6,几百元就能买到的祖母绿长什么样？,00:54,02_彩色宝石,02_彩色宝石,,1649763811,4358,transcribed,/Users/wenjiechen/Desktop/gemology-kb/library/01_video/02_彩色宝石,,https://www.bilibili.com/video/BV1EB4y1U7i6
BV1B34y1x7dV,为什么有烧和无烧蓝宝石价格差距那么大？,01:56,02_彩色宝石,02_彩色宝石,,1649677028,12338,transcribed,/Users/wenjiechen/Desktop/gemology-kb/library/01_video/02_彩色宝石,,https://www.bilibili.com/video/BV1B34y1x7dV
BV1AA4y197wH,这期大手笔！家里有矿才能拍？！带你一次性认识几十种矿标！,02:23,02_彩色宝石,02_彩色宝石,,1649502854,12313,transcribed,/Users/wenjiechen/Desktop/gemology-kb/library/01_video/02_彩色宝石,,https://www.bilibili.com/video/BV1AA4y197wH
BV1f3411H77o,买珠宝需要做什么攻略，光看这一篇就够了！,02:09,07_行情与选购,07_行情与选购,,1649336409,2783,transcribed,/Users/wenjiechen/Desktop/gemology-kb/library/01_video/07_行情与选购,,https://www.bilibili.com/video/BV1f3411H77o
BV1tq4y1a7rc,掌握这份秘籍 你离彩钻收藏家也不远了！,01:56,01_钻石,01_钻石,,1649250714,7532,transcribed,/Users/wenjiechen/Desktop/gemology-kb/library/01_video/01_钻石,,https://www.bilibili.com/video/BV1tq4y1a7rc
BV1Dq4y1h75v,祖母绿产地只认哥伦比亚？还有这个宝藏产地你不知道！,03:44,02_彩色宝石,02_彩色宝石,,1648900979,6634,transcribed,/Users/wenjiechen/Desktop/gemology-kb/library/01_video/02_彩色宝石,,https://www.bilibili.com/video/BV1Dq4y1h75v
BV1dZ4y1m72n,你的珠宝首饰保养对了吗？收藏起来用得到,04:15,05_金属首饰与佩戴,05_金属首饰与佩戴,,1648784626,3353,transcribed,/Users/wenjiechen/Desktop/gemology-kb/library/01_video/05_金属首饰与佩戴,,https://www.bilibili.com/video/BV1dZ4y1m72n
BV18L411A7s4,什么是奶钻？证书无体现需要怎么看,04:19,01_钻石,01_钻石,,1648558095,9636,transcribed,/Users/wenjiechen/Desktop/gemology-kb/library/01_video/01_钻石,,https://www.bilibili.com/video/BV18L411A7s4
BV1aL4y177Mr,宝石的切工有多重要？让改切后的宝石告诉你,03:23,02_彩色宝石,02_彩色宝石,,1648437895,72229,transcribed,/Users/wenjiechen/Desktop/gemology-kb/library/01_video/02_彩色宝石,,https://www.bilibili.com/video/BV1aL4y177Mr
BV1iZ4y1B7zR,珠宝“等等党”会胜利吗？等等就能等到好物好价吗？,03:33,07_行情与选购,07_行情与选购,,1648203428,3173,transcribed,/Users/wenjiechen/Desktop/gemology-kb/library/01_video/07_行情与选购,,https://www.bilibili.com/video/BV1iZ4y1B7zR
BV1T34y147sm,宝石中常说的“火彩”到底是？,02:55,02_彩色宝石,02_彩色宝石,,1648036193,16086,transcribed,/Users/wenjiechen/Desktop/gemology-kb/library/01_video/02_彩色宝石,,https://www.bilibili.com/video/BV1T34y147sm
BV1hb4y1p7W3,贵族都爱戴的宝石各有千秋，祖母绿凭什么站金字塔尖？,02:02,02_彩色宝石,02_彩色宝石,,1647686340,13149,transcribed,/Users/wenjiechen/Desktop/gemology-kb/library/01_video/02_彩色宝石,,https://www.bilibili.com/video/BV1hb4y1p7W3
BV1T3411s7Ja,说祖母绿是最显白的宝石没有之一大家没意见吧,01:10,02_彩色宝石,02_彩色宝石,,1647604608,9670,transcribed,/Users/wenjiechen/Desktop/gemology-kb/library/01_video/02_彩色宝石,,https://www.bilibili.com/video/BV1T3411s7Ja
BV1YF411s7NT,祖母绿小知识 这么冷门不会有人也知道吧？,01:01,02_彩色宝石,02_彩色宝石,,1647514018,9540,transcribed,/Users/wenjiechen/Desktop/gemology-kb/library/01_video/02_彩色宝石,,https://www.bilibili.com/video/BV1YF411s7NT
BV1ES4y1D7xk,为什么越来越多人喜欢异形钻？价格便宜戴得漂亮！,02:11,01_钻石,01_钻石,,1647336886,7185,transcribed,/Users/wenjiechen/Desktop/gemology-kb/library/01_video/01_钻石,,https://www.bilibili.com/video/BV1ES4y1D7xk
BV1XR4y1G7Ae,珠宝骗 局千千万 旅游景点占一半,04:02,06_鉴定与避坑,06_鉴定与避坑,,1647084120,5084,transcribed,/Users/wenjiechen/Desktop/gemology-kb/library/01_video/06_鉴定与避坑,,https://www.bilibili.com/video/BV1XR4y1G7Ae
BV1SS4y137jt,将浪漫拉满的摩根石 美貌与性价比一个不落,03:34,07_行情与选购,07_行情与选购,,1646986934,13196,transcribed,/Users/wenjiechen/Desktop/gemology-kb/library/01_video/07_行情与选购,,https://www.bilibili.com/video/BV1SS4y137jt
BV1qu411B7q3,一分钟看懂钻石颜色 小白也能不被坑！,03:27,01_钻石,01_钻石,,1646825644,14313,transcribed,/Users/wenjiechen/Desktop/gemology-kb/library/01_video/01_钻石,,https://www.bilibili.com/video/BV1qu411B7q3
BV1KZ4y1r7ji,什么宝石又大又酷又便宜还低调？看这儿,02:28,02_彩色宝石,02_彩色宝石,,1646655896,16711,transcribed,/Users/wenjiechen/Desktop/gemology-kb/library/01_video/02_彩色宝石,,https://www.bilibili.com/video/BV1KZ4y1r7ji
BV1sa411h7NW,三分钟学会鉴定宝石，蕞后一种方式快准狠,03:18,02_彩色宝石,02_彩色宝石,,1646394559,6149,transcribed,/Users/wenjiechen/Desktop/gemology-kb/library/01_video/02_彩色宝石,,https://www.bilibili.com/video/BV1sa411h7NW
BV1cU4y1f7TU,河南合成钻石4条外行看不懂的玄机，全解密,05:12,01_钻石,01_钻石,,1646312794,19902,transcribed,/Users/wenjiechen/Desktop/gemology-kb/library/01_video/01_钻石,,https://www.bilibili.com/video/BV1cU4y1f7TU
BV1UT4y1Q7n3,人间小太阳芬达石 究竟靠什么成为时尚焦点,04:26,02_彩色宝石,02_彩色宝石,,1646216203,758401,transcribed,/Users/wenjiechen/Desktop/gemology-kb/library/01_video/02_彩色宝石,,https://www.bilibili.com/video/BV1UT4y1Q7n3
BV1Mu411Q7je,干货|买钻戒前必看！早晚用的到！不走弯路,03:56,01_钻石,01_钻石,,1646041641,18695,transcribed,/Users/wenjiechen/Desktop/gemology-kb/library/01_video/01_钻石,,https://www.bilibili.com/video/BV1Mu411Q7je
BV1x3411j7iU,备婚必看！不知道如何挑选结婚饰品？我教你,04:03,05_金属首饰与佩戴,05_金属首饰与佩戴,,1645856543,10487,transcribed,/Users/wenjiechen/Desktop/gemology-kb/library/01_video/05_金属首饰与佩戴,,https://www.bilibili.com/video/BV1x3411j7iU
BV1FL411T73F,俄乌事件，珠宝行业大涨！竟然因为这个,02:04,08_行业与商业,08_行业与商业,,1645707403,2258,transcribed,/Users/wenjiechen/Desktop/gemology-kb/library/01_video/08_行业与商业,,https://www.bilibili.com/video/BV1FL411T73F
BV1VY411G7dW,去不了日本赏樱，就来看一样美的樱花粉尖晶,03:02,02_彩色宝石,02_彩色宝石,,1645606839,51253,transcribed,/Users/wenjiechen/Desktop/gemology-kb/library/01_video/02_彩色宝石,,https://www.bilibili.com/video/BV1VY411G7dW
BV1Uq4y1t7CA,钻石涨疯了！涨幅超过50%，手把手教你选钻石,02:40,01_钻石,01_钻石,,1645499224,3292,transcribed,/Users/wenjiechen/Desktop/gemology-kb/library/01_video/01_钻石,,https://www.bilibili.com/video/BV1Uq4y1t7CA
BV1qb4y147kG,长得贵，买不起？紫色尖晶打破你的固有印象,03:14,02_彩色宝石,02_彩色宝石,,1645264757,120358,transcribed,/Users/wenjiechen/Desktop/gemology-kb/library/01_video/02_彩色宝石,,https://www.bilibili.com/video/BV1qb4y147kG
BV1hR4y1V7U1,这些浪漫到骨子里的宝石，太“撩”了！,04:34,02_彩色宝石,02_彩色宝石,,1645152373,8198,transcribed,/Users/wenjiechen/Desktop/gemology-kb/library/01_video/02_彩色宝石,,https://www.bilibili.com/video/BV1hR4y1V7U1
BV1hr4y167MW,分分钟带你了解蓝宝石颜色的奥秘！,05:18,02_彩色宝石,02_彩色宝石,,1645011333,7560,transcribed,/Users/wenjiechen/Desktop/gemology-kb/library/01_video/02_彩色宝石,,https://www.bilibili.com/video/BV1hr4y167MW
BV1MZ4y1d7ec,祖母绿凭什么立足珠宝圈？,01:58,02_彩色宝石,02_彩色宝石,,1644838328,4829,transcribed,/Users/wenjiechen/Desktop/gemology-kb/library/01_video/02_彩色宝石,,https://www.bilibili.com/video/BV1MZ4y1d7ec
BV1jq4y187gX,祖 母 绿 切 工 知 多 少,02:19,02_彩色宝石,02_彩色宝石,,1644657084,3284,transcribed,/Users/wenjiechen/Desktop/gemology-kb/library/01_video/02_彩色宝石,,https://www.bilibili.com/video/BV1jq4y187gX
BV1N34y117f8,祖母绿越绿越值钱？可别被忽悠！看完再挑】,02:15,02_彩色宝石,02_彩色宝石,,1644579593,5576,transcribed,/Users/wenjiechen/Desktop/gemology-kb/library/01_video/02_彩色宝石,,https://www.bilibili.com/video/BV1N34y117f8
BV1ZS4y1G7Gi,行内人才知道的钻石价格内幕，快来了解一下！,04:53,01_钻石,01_钻石,,1644379717,2897,transcribed,/Users/wenjiechen/Desktop/gemology-kb/library/01_video/01_钻石,,https://www.bilibili.com/video/BV1ZS4y1G7Gi
BV11b4y1j76F,商场珠宝店赚钱吗？珠宝卖的贵 钱被谁赚了？,04:50,08_行业与商业,08_行业与商业,,1644224155,5492,transcribed,/Users/wenjiechen/Desktop/gemology-kb/library/01_video/08_行业与商业,,https://www.bilibili.com/video/BV11b4y1j76F
BV1uq4y1b7WT,远离忽悠！超简单的钻石鉴别方法,03:24,01_钻石,01_钻石,,1644061583,13309,transcribed,/Users/wenjiechen/Desktop/gemology-kb/library/01_video/01_钻石,,https://www.bilibili.com/video/BV1uq4y1b7WT
BV1h34y127fj,蓝宝石只有蓝色？这颗蓝宝石你认识吗？,05:53,02_彩色宝石,02_彩色宝石,,1643815196,14575,transcribed,/Users/wenjiechen/Desktop/gemology-kb/library/01_video/02_彩色宝石,,https://www.bilibili.com/video/BV1h34y127fj
BV17q4y1w7Ea,谁能拒绝“金钱豹系”宝石呢？拥有就会豹！,03:58,02_彩色宝石,02_彩色宝石,,1643197436,3891,transcribed,/Users/wenjiechen/Desktop/gemology-kb/library/01_video/02_彩色宝石,,https://www.bilibili.com/video/BV17q4y1w7Ea
BV1HR4y1u7cX,坦白局，只看到钻 石涨价？来补课！,04:36,01_钻石,01_钻石,,1643112041,2182,transcribed,/Users/wenjiechen/Desktop/gemology-kb/library/01_video/01_钻石,,https://www.bilibili.com/video/BV1HR4y1u7cX
BV1CR4y1M7M4,大克拉钻石怎么买？真的是越大越好吗？,04:38,01_钻石,01_钻石,,1642680704,3067,transcribed,/Users/wenjiechen/Desktop/gemology-kb/library/01_video/01_钻石,,https://www.bilibili.com/video/BV1CR4y1M7M4
BV1rq4y1k7LV,震惊！2022年了 还有人在吃金箔？,02:09,11_其他,11_其他,,1642415596,10784,transcribed,/Users/wenjiechen/Desktop/gemology-kb/library/01_video/11_其他,,https://www.bilibili.com/video/BV1rq4y1k7LV
BV1r34y1B7SS,快过年了，回家相亲这么戴准上岸！,03:09,05_金属首饰与佩戴,05_金属首饰与佩戴,,1642220643,3010,transcribed,/Users/wenjiechen/Desktop/gemology-kb/library/01_video/05_金属首饰与佩戴,,https://www.bilibili.com/video/BV1r34y1B7SS
BV1Vr4y1i7eZ,三分钟让你省下大几千 高性价比绿色宝石选它,03:24,02_彩色宝石,02_彩色宝石,,1642085468,20414,transcribed,/Users/wenjiechen/Desktop/gemology-kb/library/01_video/02_彩色宝石,,https://www.bilibili.com/video/BV1Vr4y1i7eZ
BV14r4y1v7Eu,来了来了，七到十二月生辰石也安排上了,06:13,【合集】生辰石,11_其他,生辰石,1641993676,35771,transcribed,/Users/wenjiechen/Desktop/gemology-kb/library/01_video/【合集】生辰石,,https://www.bilibili.com/video/BV14r4y1v7Eu
BV1s44y157GC,酱油贵过鸡？ 比主石更贵的镶嵌值得么？,04:33,05_金属首饰与佩戴,05_金属首饰与佩戴,,1641822548,9017,transcribed,/Users/wenjiechen/Desktop/gemology-kb/library/01_video/05_金属首饰与佩戴,,https://www.bilibili.com/video/BV1s44y157GC
BV1dD4y1F7F7,珠宝定制靠谱吗？十年从业经验替你解答,05:29,05_金属首饰与佩戴,05_金属首饰与佩戴,,1641551384,7140,transcribed,/Users/wenjiechen/Desktop/gemology-kb/library/01_video/05_金属首饰与佩戴,,https://www.bilibili.com/video/BV1dD4y1F7F7
BV1oP4y177AN,来晚啦，一到六月生辰石购买指南！！,07:07,【合集】生辰石,07_行情与选购,生辰石,1641385577,59739,transcribed,/Users/wenjiechen/Desktop/gemology-kb/library/01_video/【合集】生辰石,,https://www.bilibili.com/video/BV1oP4y177AN
BV15u411U7CW,这种灰不溜秋的宝石还有人争先恐后去买？,05:02,02_彩色宝石,02_彩色宝石,,1641265924,32764,transcribed,/Users/wenjiechen/Desktop/gemology-kb/library/01_video/02_彩色宝石,,https://www.bilibili.com/video/BV15u411U7CW
BV1Pq4y127hR,天然钻石的“身份证”，哪家更权威专业呢？,04:48,01_钻石,01_钻石,,1640949541,1517,transcribed,/Users/wenjiechen/Desktop/gemology-kb/library/01_video/01_钻石,,https://www.bilibili.com/video/BV1Pq4y127hR
BV1L34y1z7q6,本命年宝石分享！轻而易举拿捏新年氛围感！,03:04,02_彩色宝石,02_彩色宝石,,1640870060,2858,transcribed,/Users/wenjiechen/Desktop/gemology-kb/library/01_video/02_彩色宝石,,https://www.bilibili.com/video/BV1L34y1z7q6
BV1bu411S7bA,同是宝石，为什么你那么贵！！盘点那些超出价值体系的宝石，没有对比就没有伤害,04:35,02_彩色宝石,02_彩色宝石,,1640603615,10327,transcribed,/Users/wenjiechen/Desktop/gemology-kb/library/01_video/02_彩色宝石,,https://www.bilibili.com/video/BV1bu411S7bA
BV1Nq4y1m7NQ,禁止盲目跟风！！市场大热的绝地武士尖晶石真的是你想要的吗？,04:04,02_彩色宝石,02_彩色宝石,,1640417767,27351,transcribed,/Users/wenjiechen/Desktop/gemology-kb/library/01_video/02_彩色宝石,,https://www.bilibili.com/video/BV1Nq4y1m7NQ
BV1JZ4y1X74r,宝石优化&处理大盘点，你踩过哪些坑？,04:31,02_彩色宝石,02_彩色宝石,,1640258866,3883,transcribed,/Users/wenjiechen/Desktop/gemology-kb/library/01_video/02_彩色宝石,,https://www.bilibili.com/video/BV1JZ4y1X74r
BV15F41167Xu,宝石还能自带忍术？揭秘那些猫眼、变彩、星光宝石的神奇之处,02:40,02_彩色宝石,02_彩色宝石,,1640004555,14618,transcribed,/Users/wenjiechen/Desktop/gemology-kb/library/01_video/02_彩色宝石,,https://www.bilibili.com/video/BV15F41167Xu
BV1pL411j7NG,几百公斤的原石真的存在吗？从斯里兰卡的巨大蓝宝石说起,04:10,02_彩色宝石,02_彩色宝石,,1639741135,15764,transcribed,/Users/wenjiechen/Desktop/gemology-kb/library/01_video/02_彩色宝石,,https://www.bilibili.com/video/BV1pL411j7NG
BV15U4y1K7Ka,“长春花蓝”的宝石可以有多美？2022年流行色宝石大盘点！,05:01,02_彩色宝石,02_彩色宝石,,1639294875,28978,transcribed,/Users/wenjiechen/Desktop/gemology-kb/library/01_video/02_彩色宝石,,https://www.bilibili.com/video/BV15U4y1K7Ka
BV15h411x7ZL,先卷一步！新年炸场宝石预定！,04:58,02_彩色宝石,02_彩色宝石,,1639056321,24401,transcribed,/Users/wenjiechen/Desktop/gemology-kb/library/01_video/02_彩色宝石,,https://www.bilibili.com/video/BV15h411x7ZL
BV1Dh411s7vn,来看看大自然那些美丽的“光”,04:51,11_其他,11_其他,,1638592792,39042,transcribed,/Users/wenjiechen/Desktop/gemology-kb/library/01_video/11_其他,,https://www.bilibili.com/video/BV1Dh411s7vn
BV1f44y1Y7M1,这些宝石没人能拒绝！教你选礼物如何买对不买贵！25-35周年纪念礼,03:28,02_彩色宝石,02_彩色宝石,,1638444519,2553,transcribed,/Users/wenjiechen/Desktop/gemology-kb/library/01_video/02_彩色宝石,,https://www.bilibili.com/video/BV1f44y1Y7M1
BV12q4y1B7gf,行业大揭秘！！珠宝行业不为人知的另一面,08:50,06_鉴定与避坑,06_鉴定与避坑,,1638018348,28474,transcribed,/Users/wenjiechen/Desktop/gemology-kb/library/01_video/06_鉴定与避坑,,https://www.bilibili.com/video/BV12q4y1B7gf
BV1rR4y1x7gB,几毛钱就能买红宝石？?,05:02,02_彩色宝石,02_彩色宝石,,1637898404,16124,transcribed,/Users/wenjiechen/Desktop/gemology-kb/library/01_video/02_彩色宝石,,https://www.bilibili.com/video/BV1rR4y1x7gB
BV16h411s7dE,揭秘！！钻石行业到底有多暴利！！,06:29,01_钻石,01_钻石,,1637813695,25832,transcribed,/Users/wenjiechen/Desktop/gemology-kb/library/01_video/01_钻石,,https://www.bilibili.com/video/BV16h411s7dE
BV1pS4y1R7tY,来啦，十二月生辰石安排上！--绿松石/锆石,01:33,【合集】生辰石,02_彩色宝石,生辰石,1637665031,3606,transcribed,/Users/wenjiechen/Desktop/gemology-kb/library/01_video/【合集】生辰石,,https://www.bilibili.com/video/BV1pS4y1R7tY
BV1VS4y1R7wp,来晚啦，十一月生辰石--托帕石，这期真不贵！！,00:43,02_彩色宝石,02_彩色宝石,,1637320713,16793,transcribed,/Users/wenjiechen/Desktop/gemology-kb/library/01_video/02_彩色宝石,,https://www.bilibili.com/video/BV1VS4y1R7wp
BV1QP4y157ye,这些宝石没人能拒绝！教你选礼物如何买对不买贵（续集）,03:11,02_彩色宝石,02_彩色宝石,,1636799742,6372,transcribed,/Users/wenjiechen/Desktop/gemology-kb/library/01_video/02_彩色宝石,,https://www.bilibili.com/video/BV1QP4y157ye
BV18b4y1t7z6,低价买钻戒！捡漏还是套路？是发现财富密码了吗？,02:43,【合集】贵点的钻石和便宜点的钻石，到底有什么区别？,01_钻石,合集·贵点的钻石和便宜点的钻石，到底有什么区别？,1636726584,3085,transcribed,/Users/wenjiechen/Desktop/gemology-kb/library/01_video/【合集】贵点的钻石和便宜点的钻石，到底有什么区别？,,https://www.bilibili.com/video/BV18b4y1t7z6
BV1kr4y1r7NU,这些宝石没人能拒绝！教你选礼物如何买对不买贵！,04:08,02_彩色宝石,02_彩色宝石,,1636710007,23908,transcribed,/Users/wenjiechen/Desktop/gemology-kb/library/01_video/02_彩色宝石,,https://www.bilibili.com/video/BV1kr4y1r7NU
BV1Dh411t7rW,钻戒该买多大的？点进来不吃亏,03:32,【合集】贵点的钻石和便宜点的钻石，到底有什么区别？,01_钻石,合集·贵点的钻石和便宜点的钻石，到底有什么区别？,1636628567,7529,transcribed,/Users/wenjiechen/Desktop/gemology-kb/library/01_video/【合集】贵点的钻石和便宜点的钻石，到底有什么区别？,,https://www.bilibili.com/video/BV1Dh411t7rW
BV1B34y1Z7qz,花最少的钱，买最大的钻戒，坚决不花冤枉钱I十几年销售经验分享,02:29,【合集】贵点的钻石和便宜点的钻石，到底有什么区别？,01_钻石,合集·贵点的钻石和便宜点的钻石，到底有什么区别？,1636620762,3225,transcribed,/Users/wenjiechen/Desktop/gemology-kb/library/01_video/【合集】贵点的钻石和便宜点的钻石，到底有什么区别？,,https://www.bilibili.com/video/BV1B34y1Z7qz
BV1Gq4y1k7Kq,贵点的钻石和便宜点的钻石，到底有什么区别？,03:53,【合集】贵点的钻石和便宜点的钻石，到底有什么区别？,01_钻石,合集·贵点的钻石和便宜点的钻石，到底有什么区别？,1636605192,8541,transcribed,/Users/wenjiechen/Desktop/gemology-kb/library/01_video/【合集】贵点的钻石和便宜点的钻石，到底有什么区别？,,https://www.bilibili.com/video/BV1Gq4y1k7Kq
BV1sf4y1T7uY,钻石闪和不闪，主要看哪里？？,04:56,【合集】贵点的钻石和便宜点的钻石，到底有什么区别？,01_钻石,合集·贵点的钻石和便宜点的钻石，到底有什么区别？,1636540099,5623,transcribed,/Users/wenjiechen/Desktop/gemology-kb/library/01_video/【合集】贵点的钻石和便宜点的钻石，到底有什么区别？,,https://www.bilibili.com/video/BV1sf4y1T7uY
BV15T4y197P5,2021.11.5️我们九周年啦,02:04,09_品牌新品与动态,09_品牌新品与动态,,1636464653,13232,transcribed,/Users/wenjiechen/Desktop/gemology-kb/library/01_video/09_品牌新品与动态,,https://www.bilibili.com/video/BV15T4y197P5
BV1Lf4y1T7CF,我整理了实验室里合成钻石的内幕...,03:10,【合集】钻石购买攻略合集,01_钻石,钻石购买攻略合集,1636125685,15312,transcribed,/Users/wenjiechen/Desktop/gemology-kb/library/01_video/【合集】钻石购买攻略合集,,https://www.bilibili.com/video/BV1Lf4y1T7CF
BV1FU4y1g769,买宝石不懂这一点，白白损失十几万,02:47,02_彩色宝石,02_彩色宝石,,1635941524,23821,transcribed,/Users/wenjiechen/Desktop/gemology-kb/library/01_video/02_彩色宝石,,https://www.bilibili.com/video/BV1FU4y1g769
BV1zq4y1R7vt,实验室如何判定它的产地？,03:33,06_鉴定与避坑,06_鉴定与避坑,,1635734751,1550,transcribed,/Users/wenjiechen/Desktop/gemology-kb/library/01_video/06_鉴定与避坑,,https://www.bilibili.com/video/BV1zq4y1R7vt
BV1zU4y1u75T,做了十几年珠宝商，竟然喜欢这种宝石？,03:37,02_彩色宝石,02_彩色宝石,,1635517437,5557,transcribed,/Users/wenjiechen/Desktop/gemology-kb/library/01_video/02_彩色宝石,,https://www.bilibili.com/video/BV1zU4y1u75T
BV1KL411379y,买宝石这点不注意，瞬间亏了几十万~,04:08,02_彩色宝石,02_彩色宝石,,1635071721,10368,transcribed,/Users/wenjiechen/Desktop/gemology-kb/library/01_video/02_彩色宝石,,https://www.bilibili.com/video/BV1KL411379y
BV1XL411G7s2,不是吧不是吧，现在还有人追着要买无油祖母绿？,02:55,02_彩色宝石,02_彩色宝石,,1634907970,9892,transcribed,/Users/wenjiechen/Desktop/gemology-kb/library/01_video/02_彩色宝石,,https://www.bilibili.com/video/BV1XL411G7s2
BV17b4y1h7e3,宝石整容是怎么回事?你会选择加热过的宝石吗？,02:38,02_彩色宝石,02_彩色宝石,,1634783664,11946,transcribed,/Users/wenjiechen/Desktop/gemology-kb/library/01_video/02_彩色宝石,,https://www.bilibili.com/video/BV17b4y1h7e3
BV1Bf4y177mT,为什么越来越多人买珠宝？是有钱人变多了？,04:59,07_行情与选购,07_行情与选购,,1634183903,3808,transcribed,/Users/wenjiechen/Desktop/gemology-kb/library/01_video/07_行情与选购,,https://www.bilibili.com/video/BV1Bf4y177mT
BV1vf4y177BW,筹备了好几周 终于可以在B站和大家见面了！ 这次直播的初衷还是想和大家一起轻松聊聊天、分享趣事 所以希望大家多多发弹幕和我互动 记得周三晚上锁定我的B站直播间,00:41,09_品牌新品与动态,09_品牌新品与动态,,1634027266,1337,transcribed,/Users/wenjiechen/Desktop/gemology-kb/library/01_video/09_品牌新品与动态,,https://www.bilibili.com/video/BV1vf4y177BW
BV1dT4y1d7rj,为什么施华洛世奇卖真宝石，却没人买单,04:12,02_彩色宝石,02_彩色宝石,,1633951759,31064,transcribed,/Users/wenjiechen/Desktop/gemology-kb/library/01_video/02_彩色宝石,,https://www.bilibili.com/video/BV1dT4y1d7rj
BV11Q4y1Q7SK,一万块到底可以买到什么样的宝石❗❓内附价格表❗❗,04:05,02_彩色宝石,02_彩色宝石,,1633234175,30182,transcribed,/Users/wenjiechen/Desktop/gemology-kb/library/01_video/02_彩色宝石,,https://www.bilibili.com/video/BV11Q4y1Q7SK
BV1Zq4y1o7mH,一个亿能买到什么珠宝？盘点罕见TOP10 看到最后我惊了！！,03:24,07_行情与选购,07_行情与选购,,1633078627,4568,transcribed,/Users/wenjiechen/Desktop/gemology-kb/library/01_video/07_行情与选购,,https://www.bilibili.com/video/BV1Zq4y1o7mH
BV1JL4y1z7AT,不懂就被坑！教你怎么选购正统红宝石！,04:09,【合集】彩宝选购合集,02_彩色宝石,彩宝选购合集,1632906772,4700,transcribed,/Users/wenjiechen/Desktop/gemology-kb/library/01_video/【合集】彩宝选购合集,,https://www.bilibili.com/video/BV1JL4y1z7AT
BV1Xq4y1o7mA,珠宝开盲盒！！带大家开开眼~,04:54,11_其他,11_其他,,1632799736,3789,transcribed,/Users/wenjiechen/Desktop/gemology-kb/library/01_video/11_其他,,https://www.bilibili.com/video/BV1Xq4y1o7mA
BV18341127TL,钻戒=智商税？不买钻戒，那还能买啥啊?,03:29,01_钻石,01_钻石,,1632571391,6595,transcribed,/Users/wenjiechen/Desktop/gemology-kb/library/01_video/01_钻石,,https://www.bilibili.com/video/BV18341127TL
BV1eq4y1o7eH,什么镶嵌最牢固？一个13年珠宝内行的肺腑之言,05:01,05_金属首饰与佩戴,05_金属首饰与佩戴,,1632395409,25586,transcribed,/Users/wenjiechen/Desktop/gemology-kb/library/01_video/05_金属首饰与佩戴,,https://www.bilibili.com/video/BV1eq4y1o7eH
BV1r44y1b7Lc,大金链子这么土，为什么时髦人士都爱它??,03:58,05_金属首饰与佩戴,05_金属首饰与佩戴,,1631960121,6000,transcribed,/Users/wenjiechen/Desktop/gemology-kb/library/01_video/05_金属首饰与佩戴,,https://www.bilibili.com/video/BV1r44y1b7Lc
BV1H44y1h7cM,男生必看！怎么戴珠宝又MAN又不油！,04:40,05_金属首饰与佩戴,05_金属首饰与佩戴,,1631360079,27048,transcribed,/Users/wenjiechen/Desktop/gemology-kb/library/01_video/05_金属首饰与佩戴,,https://www.bilibili.com/video/BV1H44y1h7cM
BV1i34y1Q7qa,街舞戴首饰也有讲究！《这街》的导师们都戴对了吗？,04:10,05_金属首饰与佩戴,05_金属首饰与佩戴,,1631267000,15040,transcribed,/Users/wenjiechen/Desktop/gemology-kb/library/01_video/05_金属首饰与佩戴,,https://www.bilibili.com/video/BV1i34y1Q7qa
BV1HL411t7tk,中外珠宝审美大不同！为何中国人爱玉石 外国人爱宝石？,04:21,02_彩色宝石,02_彩色宝石,,1631109744,17864,transcribed,/Users/wenjiechen/Desktop/gemology-kb/library/01_video/02_彩色宝石,,https://www.bilibili.com/video/BV1HL411t7tk
BV1Lq4y1T7Z6,专家级攻略|教你祖母绿产地怎么选,04:20,02_彩色宝石,02_彩色宝石,,1630328210,18611,transcribed,/Users/wenjiechen/Desktop/gemology-kb/library/01_video/02_彩色宝石,,https://www.bilibili.com/video/BV1Lq4y1T7Z6
BV1gU4y177LU,拒绝千篇一律，小众宝石才能戴出新花样！,04:44,02_彩色宝石,02_彩色宝石,,1630158873,38463,transcribed,/Users/wenjiechen/Desktop/gemology-kb/library/01_video/02_彩色宝石,,https://www.bilibili.com/video/BV1gU4y177LU
BV1ML4y1Y7vh,2021下半年最值得购入的宝石！！你买对了吗？,04:57,02_彩色宝石,02_彩色宝石,,1630069727,39512,transcribed,/Users/wenjiechen/Desktop/gemology-kb/library/01_video/02_彩色宝石,,https://www.bilibili.com/video/BV1ML4y1Y7vh
BV1Pq4y1U7pP,除了祖母绿，你还有多少选择❓,04:23,02_彩色宝石,02_彩色宝石,,1629977578,25573,transcribed,/Users/wenjiechen/Desktop/gemology-kb/library/01_video/02_彩色宝石,,https://www.bilibili.com/video/BV1Pq4y1U7pP
BV1Sh411i7D4,创业十年，资金链到底有多重要？,04:54,【合集】老许的创业系列,08_行业与商业,老许的创业系列,1629718770,13729,transcribed,/Users/wenjiechen/Desktop/gemology-kb/library/01_video/【合集】老许的创业系列,,https://www.bilibili.com/video/BV1Sh411i7D4
BV19v411P7ru,创业公司最容易犯的错误—不懂股权!,04:00,【合集】老许的创业系列,08_行业与商业,老许的创业系列,1629545477,36298,transcribed,/Users/wenjiechen/Desktop/gemology-kb/library/01_video/【合集】老许的创业系列,,https://www.bilibili.com/video/BV19v411P7ru
BV11L4y1e7yX,入手圣玛利亚海蓝宝？你不能不知道的常识！,04:56,【合集】彩宝选购合集,02_彩色宝石,彩宝选购合集,1629363057,20074,transcribed,/Users/wenjiechen/Desktop/gemology-kb/library/01_video/【合集】彩宝选购合集,,https://www.bilibili.com/video/BV11L4y1e7yX
BV1H44y1k7p5,结婚钻戒背后隐藏的故事，你知道吗？,04:28,01_钻石,01_钻石,,1629270200,17642,transcribed,/Users/wenjiechen/Desktop/gemology-kb/library/01_video/01_钻石,,https://www.bilibili.com/video/BV1H44y1k7p5
BV1yy4y1V7GE,【珠宝圈真相】解密钻石背后的营销故事,04:55,01_钻石,01_钻石,,1629118618,12983,transcribed,/Users/wenjiechen/Desktop/gemology-kb/library/01_video/01_钻石,,https://www.bilibili.com/video/BV1yy4y1V7GE
BV16b4y1U7ZE,高端珠宝玩家都戴什么珠宝❓,04:52,05_金属首饰与佩戴,05_金属首饰与佩戴,,1628964716,31815,transcribed,/Users/wenjiechen/Desktop/gemology-kb/library/01_video/05_金属首饰与佩戴,,https://www.bilibili.com/video/BV16b4y1U7ZE
BV1Db4y1U7tF,中一等奖，加999换购价值一万的金镶玉，捡到大便宜了？？,03:36,03_玉石,03_玉石,,1628846416,25012,transcribed,/Users/wenjiechen/Desktop/gemology-kb/library/01_video/03_玉石,,https://www.bilibili.com/video/BV1Db4y1U7tF
BV13U4y1E7pX,珠宝业内人士告诉你首饰镶嵌费怎么算？,04:25,05_金属首饰与佩戴,05_金属首饰与佩戴,,1628752216,35912,transcribed,/Users/wenjiechen/Desktop/gemology-kb/library/01_video/05_金属首饰与佩戴,,https://www.bilibili.com/video/BV13U4y1E7pX
BV1W64y1s72M,用这几个方法买珠宝，你还会被坑？？,04:02,07_行情与选购,07_行情与选购,,1628354219,23797,transcribed,/Users/wenjiechen/Desktop/gemology-kb/library/01_video/07_行情与选购,,https://www.bilibili.com/video/BV1W64y1s72M
BV1RP4y1x7EU,三个方法！！让你少花钱，买大钻戒！,02:47,01_钻石,01_钻石,,1628310498,32891,transcribed,/Users/wenjiechen/Desktop/gemology-kb/library/01_video/01_钻石,,https://www.bilibili.com/video/BV1RP4y1x7EU
BV1A54y1J7o5,想知道宝石的出生地？🤔,04:18,02_彩色宝石,02_彩色宝石,,1627642463,18439,transcribed,/Users/wenjiechen/Desktop/gemology-kb/library/01_video/02_彩色宝石,,https://www.bilibili.com/video/BV1A54y1J7o5
BV1Vq4y1p7K5,揭秘|人工合成钻石行业真实现状！没那么美好！,04:50,【合集】钻石购买攻略合集,01_钻石,钻石购买攻略合集,1627137222,38449,transcribed,/Users/wenjiechen/Desktop/gemology-kb/library/01_video/【合集】钻石购买攻略合集,,https://www.bilibili.com/video/BV1Vq4y1p7K5
BV1og411j78G,万一捡到宝石了又丢掉！岂不是很心痛？😭,03:54,02_彩色宝石,02_彩色宝石,,1627035387,107133,transcribed,/Users/wenjiechen/Desktop/gemology-kb/library/01_video/02_彩色宝石,,https://www.bilibili.com/video/BV1og411j78G
BV1wU4y1H79A,把握这些小技巧，你也是选钻行内人士,04:29,【合集】钻石购买攻略合集,01_钻石,钻石购买攻略合集,1626948491,12401,transcribed,/Users/wenjiechen/Desktop/gemology-kb/library/01_video/【合集】钻石购买攻略合集,,https://www.bilibili.com/video/BV1wU4y1H79A
BV1vw4119714,【老许Vlog】感谢IGI，再次见到陈世英老师,01:56,06_鉴定与避坑,06_鉴定与避坑,,1626778035,7076,transcribed,/Users/wenjiechen/Desktop/gemology-kb/library/01_video/06_鉴定与避坑,,https://www.bilibili.com/video/BV1vw4119714
BV1Yv411n78b,闲置首饰套现攻略来了❗❗(下),02:58,05_金属首饰与佩戴,05_金属首饰与佩戴,,1626577216,4674,transcribed,/Users/wenjiechen/Desktop/gemology-kb/library/01_video/05_金属首饰与佩戴,,https://www.bilibili.com/video/BV1Yv411n78b
BV1b64y1X7yD,戴腻了的珠宝难道只能放着积灰吗？🤔(上),03:02,05_金属首饰与佩戴,05_金属首饰与佩戴,,1626490802,16483,transcribed,/Users/wenjiechen/Desktop/gemology-kb/library/01_video/05_金属首饰与佩戴,,https://www.bilibili.com/video/BV1b64y1X7yD
BV1bb4y1k72o,珠宝也耍“大牌”？？为何要用“廉价”宝石,03:52,02_彩色宝石,02_彩色宝石,,1626429602,133087,transcribed,/Users/wenjiechen/Desktop/gemology-kb/library/01_video/02_彩色宝石,,https://www.bilibili.com/video/BV1bb4y1k72o
BV1oX4y1w7RD,【读评论】石榴石家族的“黑马”宝石,03:46,02_彩色宝石,02_彩色宝石,,1626359036,5097,transcribed,/Users/wenjiechen/Desktop/gemology-kb/library/01_video/02_彩色宝石,,https://www.bilibili.com/video/BV1oX4y1w7RD
BV11q4y1W7pW,买珠宝如何花小钱，也能高级感！省钱攻略get✔,03:09,【合集】宝石推荐,05_金属首饰与佩戴,宝石推荐,1626088746,82292,transcribed,/Users/wenjiechen/Desktop/gemology-kb/library/01_video/【合集】宝石推荐,,https://www.bilibili.com/video/BV11q4y1W7pW
BV1YM4y1M7Wd,买宝石应该优先产地吗？🤔,04:44,02_彩色宝石,02_彩色宝石,,1626075403,11968,transcribed,/Users/wenjiechen/Desktop/gemology-kb/library/01_video/02_彩色宝石,,https://www.bilibili.com/video/BV1YM4y1M7Wd
BV1vv411J7Yw,男士必进！！全是你们爱看的东西😎,03:50,【合集】宝石推荐,05_金属首饰与佩戴,宝石推荐,1625830285,19243,transcribed,/Users/wenjiechen/Desktop/gemology-kb/library/01_video/【合集】宝石推荐,,https://www.bilibili.com/video/BV1vv411J7Yw
BV1PU4y137eE,钻石真的保值吗？行内人实话实说来告诉你！！,04:59,【合集】钻石购买攻略合集,01_钻石,钻石购买攻略合集,1625659874,42158,transcribed,/Users/wenjiechen/Desktop/gemology-kb/library/01_video/【合集】钻石购买攻略合集,,https://www.bilibili.com/video/BV1PU4y137eE
BV14L411p7Rb,💎荧光钻肉眼对比 I 钻石一定要选无荧光？？,03:37,01_钻石,01_钻石,,1625485297,22202,transcribed,/Users/wenjiechen/Desktop/gemology-kb/library/01_video/01_钻石,,https://www.bilibili.com/video/BV14L411p7Rb
BV1VV411W7Pj,如何避免买到血亏的咖钻！香槟钻❗❗,03:02,【合集】贵点的钻石和便宜点的钻石，到底有什么区别？,01_钻石,合集·贵点的钻石和便宜点的钻石，到底有什么区别？,1625222368,23826,transcribed,/Users/wenjiechen/Desktop/gemology-kb/library/01_video/【合集】贵点的钻石和便宜点的钻石，到底有什么区别？,,https://www.bilibili.com/video/BV1VV411W7Pj
BV1n64y1b7ri,十二星座篇 I 寻找属于你自己的生辰石,02:47,【合集】宝石推荐,11_其他,宝石推荐,1625034262,197394,transcribed,/Users/wenjiechen/Desktop/gemology-kb/library/01_video/【合集】宝石推荐,,https://www.bilibili.com/video/BV1n64y1b7ri
BV1S54y1H7mK,买钻戒💍选对✔参数 给你省下五千块❗,03:05,【合集】钻石购买攻略合集,01_钻石,钻石购买攻略合集,1624860014,15108,transcribed,/Users/wenjiechen/Desktop/gemology-kb/library/01_video/【合集】钻石购买攻略合集,,https://www.bilibili.com/video/BV1S54y1H7mK
BV1Q64y1t7ou,避坑㊙钻石有这些包裹体很有可能导致破碎！,04:34,【合集】钻石购买攻略合集,01_钻石,钻石购买攻略合集,1624676410,6893,transcribed,/Users/wenjiechen/Desktop/gemology-kb/library/01_video/【合集】钻石购买攻略合集,,https://www.bilibili.com/video/BV1Q64y1t7ou
BV1164y1t7eN,【读评论】尖晶石那么好，为什么比红宝石便宜那么多？,05:16,02_彩色宝石,02_彩色宝石,,1624450585,29171,transcribed,/Users/wenjiechen/Desktop/gemology-kb/library/01_video/02_彩色宝石,,https://www.bilibili.com/video/BV1164y1t7eN
BV1Th411Y7sn,有人还记得Angelababy的婚戒吗❓价值千万的尚美巴黎皇冠款钻戒,03:36,【合集】钻石购买攻略合集,01_钻石,钻石购买攻略合集,1624363716,22373,transcribed,/Users/wenjiechen/Desktop/gemology-kb/library/01_video/【合集】钻石购买攻略合集,,https://www.bilibili.com/video/BV1Th411Y7sn
BV1bw411f7PE,五大名贵宝石居然还有它！被大众遗忘的“贵宝”,04:56,【合集】彩宝选购合集,02_彩色宝石,彩宝选购合集,1623911906,43144,transcribed,/Users/wenjiechen/Desktop/gemology-kb/library/01_video/【合集】彩宝选购合集,,https://www.bilibili.com/video/BV1bw411f7PE
BV1M54y1H7Sn,钻戒攻略 超过一克拉的钻戒到底多少💰❗❓,01:48,【合集】钻石购买攻略合集,01_钻石,钻石购买攻略合集,1623832685,14975,transcribed,/Users/wenjiechen/Desktop/gemology-kb/library/01_video/【合集】钻石购买攻略合集,,https://www.bilibili.com/video/BV1M54y1H7Sn
BV1hw411Z7pC,全网最详细宝石保养手册！！！收藏有用❗❗,03:59,【合集】彩宝选购合集,02_彩色宝石,彩宝选购合集,1623736818,15792,transcribed,/Users/wenjiechen/Desktop/gemology-kb/library/01_video/【合集】彩宝选购合集,,https://www.bilibili.com/video/BV1hw411Z7pC
BV1fw411Z7Jx,一万块到底可以买到什么样的宝石❗❓钻石红蓝宝祖母绿尖晶海蓝宝莎弗莱珍珠碧玺你pick哪一个❓,02:14,【合集】宝石推荐,01_钻石,宝石推荐,1623477611,331815,transcribed,/Users/wenjiechen/Desktop/gemology-kb/library/01_video/【合集】宝石推荐,,https://www.bilibili.com/video/BV1fw411Z7Jx
BV1so4y1y7z9,老许的开箱Vlog来啦❗❗快看看宝石,02:07,02_彩色宝石,02_彩色宝石,,1623400004,8524,transcribed,/Users/wenjiechen/Desktop/gemology-kb/library/01_video/02_彩色宝石,,https://www.bilibili.com/video/BV1so4y1y7z9
BV19q4y157ac,这些性价比超高的小众宝石你get✔了吗❗,03:14,【合集】宝石推荐,02_彩色宝石,宝石推荐,1623324314,250589,transcribed,/Users/wenjiechen/Desktop/gemology-kb/library/01_video/【合集】宝石推荐,,https://www.bilibili.com/video/BV19q4y157ac
BV1to4y1y7Pa,天然钻，培育钻，莫桑钻，你买的是什么钻❓ ❓ 被绕晕的伙伴看过来❗❗ 这些到底是什么鬼🤔,05:05,【合集】钻石购买攻略合集,01_钻石,钻石购买攻略合集,1623144271,125536,transcribed,/Users/wenjiechen/Desktop/gemology-kb/library/01_video/【合集】钻石购买攻略合集,,https://www.bilibili.com/video/BV1to4y1y7Pa
BV1zo4y1C7sc,人生的第一件珠宝，你会怎么选？？,03:42,【合集】宝石推荐,07_行情与选购,宝石推荐,1622805082,68852,transcribed,/Users/wenjiechen/Desktop/gemology-kb/library/01_video/【合集】宝石推荐,,https://www.bilibili.com/video/BV1zo4y1C7sc
BV17h411e7H9,心动预警！绝美帕帕拉恰蓝宝石有没有戳中你！,06:00,【合集】彩宝选购合集,02_彩色宝石,彩宝选购合集,1622721959,69138,transcribed,/Users/wenjiechen/Desktop/gemology-kb/library/01_video/【合集】彩宝选购合集,,https://www.bilibili.com/video/BV17h411e7H9
BV1By4y137hq,帕拉伊巴碧玺入手全攻略：入眼便忘不了的一抹电光蓝,04:16,【合集】彩宝选购合集,02_彩色宝石,彩宝选购合集,1622634908,91890,transcribed,/Users/wenjiechen/Desktop/gemology-kb/library/01_video/【合集】彩宝选购合集,,https://www.bilibili.com/video/BV1By4y137hq
BV1MB4y1u7tw,看完就懂，不踩坑，不花冤枉钱【珍珠-Akoya篇】,04:59,【合集】彩宝选购合集,04_有机宝石,彩宝选购合集,1621937158,53707,transcribed,/Users/wenjiechen/Desktop/gemology-kb/library/01_video/【合集】彩宝选购合集,,https://www.bilibili.com/video/BV1MB4y1u7tw
BV1fA411G7MN,最近超火的尖晶石来啦！！红宝石平替，好看又不贵，不整一个吗？【宝石进阶之尖晶篇】,04:05,【合集】彩宝选购合集,02_彩色宝石,彩宝选购合集,1621589147,200136,transcribed,/Users/wenjiechen/Desktop/gemology-kb/library/01_video/【合集】彩宝选购合集,,https://www.bilibili.com/video/BV1fA411G7MN
BV1W44y1r7cQ,宝石进阶之碧玺篇【下】收藏好！大红大绿性价比彩宝之选👏,04:10,【合集】彩宝选购合集,02_彩色宝石,彩宝选购合集,1621404005,33251,transcribed,/Users/wenjiechen/Desktop/gemology-kb/library/01_video/【合集】彩宝选购合集,,https://www.bilibili.com/video/BV1W44y1r7cQ
BV1PU4y1L7ic,宝石进阶之碧玺篇【上】全网最全碧玺科普，手把手教你买！,03:16,【合集】彩宝选购合集,02_彩色宝石,彩宝选购合集,1621328326,82674,transcribed,/Users/wenjiechen/Desktop/gemology-kb/library/01_video/【合集】彩宝选购合集,,https://www.bilibili.com/video/BV1PU4y1L7ic
BV1Do4y127i1,把握这七点选祖母绿，半个行内人！！！【宝石进阶之祖母绿】下集,02:20,【合集】彩宝选购合集,02_彩色宝石,彩宝选购合集,1620972006,8672,transcribed,/Users/wenjiechen/Desktop/gemology-kb/library/01_video/【合集】彩宝选购合集,,https://www.bilibili.com/video/BV1Do4y127i1
BV1NU4y1b7FG,千万不要买祖母绿，怕你一买就停不下来！！把握这七点选祖母绿，半个行内人！！【宝石进阶之祖母绿】上集,04:07,【合集】彩宝选购合集,02_彩色宝石,彩宝选购合集,1620899083,26095,transcribed,/Users/wenjiechen/Desktop/gemology-kb/library/01_video/【合集】彩宝选购合集,,https://www.bilibili.com/video/BV1NU4y1b7FG
BV1rN411o7SU,什么样的宝石可以保值？？具有投资价值？,04:47,【合集】宝石推荐,02_彩色宝石,宝石推荐,1620723792,31825,transcribed,/Users/wenjiechen/Desktop/gemology-kb/library/01_video/【合集】宝石推荐,,https://www.bilibili.com/video/BV1rN411o7SU
BV1eq4y1J7L6,探一探珠宝内幕之一件首饰的成本与定价,04:49,05_金属首饰与佩戴,05_金属首饰与佩戴,,1620547213,9707,transcribed,/Users/wenjiechen/Desktop/gemology-kb/library/01_video/05_金属首饰与佩戴,,https://www.bilibili.com/video/BV1eq4y1J7L6
BV1kK4y1w7UN,你买的珠宝到底成本是多少？是如何定价的？,03:57,07_行情与选购,07_行情与选购,,1620470577,35351,transcribed,/Users/wenjiechen/Desktop/gemology-kb/library/01_video/07_行情与选购,,https://www.bilibili.com/video/BV1kK4y1w7UN
BV1264y1y78Q,蓝宝石选购必看✔详细购买指南🔍【宝石进阶之蓝宝石】（下）,02:20,【合集】彩宝选购合集,02_彩色宝石,彩宝选购合集,1620381612,12533,transcribed,/Users/wenjiechen/Desktop/gemology-kb/library/01_video/【合集】彩宝选购合集,,https://www.bilibili.com/video/BV1264y1y78Q
BV1QK4y1P73e,收藏好！选购蓝宝石不迷路🔥保姆级教程~【宝石进阶之蓝宝石】（上）,04:03,【合集】彩宝选购合集,02_彩色宝石,彩宝选购合集,1620288014,34487,transcribed,/Users/wenjiechen/Desktop/gemology-kb/library/01_video/【合集】彩宝选购合集,,https://www.bilibili.com/video/BV1QK4y1P73e
BV1FN411f7fD,红宝石 选购必看攻略🔥这一篇就够了！！,04:58,【合集】彩宝选购合集,02_彩色宝石,彩宝选购合集,1620194408,35352,transcribed,/Users/wenjiechen/Desktop/gemology-kb/library/01_video/【合集】彩宝选购合集,,https://www.bilibili.com/video/BV1FN411f7fD
BV12A411V7sx,宝石整容记！纯天然和后天美女到底如何抉择？？,03:58,【合集】彩宝选购合集,02_彩色宝石,彩宝选购合集,1620010811,23568,transcribed,/Users/wenjiechen/Desktop/gemology-kb/library/01_video/【合集】彩宝选购合集,,https://www.bilibili.com/video/BV12A411V7sx
BV1H64y117c9,奶钻和冰钻到底是什么？如何才能避免买到！,02:43,【合集】钻石购买攻略合集,01_钻石,钻石购买攻略合集,1619926205,42492,transcribed,/Users/wenjiechen/Desktop/gemology-kb/library/01_video/【合集】钻石购买攻略合集,,https://www.bilibili.com/video/BV1H64y117c9
BV1Fp4y14782,钻石容易磨损？1克拉的整克拉的不能买？,03:10,【合集】钻石购买攻略合集,01_钻石,钻石购买攻略合集,1619827206,14597,transcribed,/Users/wenjiechen/Desktop/gemology-kb/library/01_video/【合集】钻石购买攻略合集,,https://www.bilibili.com/video/BV1Fp4y14782
BV1XQ4y1Z7TE,买珠宝进店怎么样问不会被宰？手把手教会你,04:55,07_行情与选购,07_行情与选购,,1619786979,49698,downloaded,/Users/wenjiechen/Desktop/gemology-kb/library/01_video/07_行情与选购,,https://www.bilibili.com/video/BV1XQ4y1Z7TE
BV1S54y1j7ck,境外采购水到底有多深？你还敢买境外旅游的珠宝吗？,04:52,07_行情与选购,07_行情与选购,,1619599781,30440,transcribed,/Users/wenjiechen/Desktop/gemology-kb/library/01_video/07_行情与选购,,https://www.bilibili.com/video/BV1S54y1j7ck
BV1i54y1j7a4,朋友路边捡了个钻戒💍  求鉴定,04:37,【合集】钻石购买攻略合集,01_钻石,钻石购买攻略合集,1619438257,16043,transcribed,/Users/wenjiechen/Desktop/gemology-kb/library/01_video/【合集】钻石购买攻略合集,,https://www.bilibili.com/video/BV1i54y1j7a4
BV1m54y1L7kZ,套证骗局？二手钻？莫桑钻？该如何避免！！！！(ΩДΩ),04:51,【合集】钻石购买攻略合集,01_钻石,钻石购买攻略合集,1619010597,20505,transcribed,/Users/wenjiechen/Desktop/gemology-kb/library/01_video/【合集】钻石购买攻略合集,,https://www.bilibili.com/video/BV1m54y1L7kZ
BV1iA411L7er,碎钻不值钱？不要的可以给我😛,03:55,【合集】钻石购买攻略合集,01_钻石,钻石购买攻略合集,1618835803,231571,transcribed,/Users/wenjiechen/Desktop/gemology-kb/library/01_video/【合集】钻石购买攻略合集,,https://www.bilibili.com/video/BV1iA411L7er
BV1Bb4y1D7Pp,一百万只是彩钻入门级？？细说彩钻价格行情,04:29,【合集】钻石购买攻略合集,01_钻石,钻石购买攻略合集,1618484770,45904,transcribed,/Users/wenjiechen/Desktop/gemology-kb/library/01_video/【合集】钻石购买攻略合集,,https://www.bilibili.com/video/BV1Bb4y1D7Pp
BV1SK4y1m75i,一万以内可以买到克拉钻吗？？？？可以！！！！,04:26,【合集】钻石购买攻略合集,01_钻石,钻石购买攻略合集,1618309197,12829,transcribed,/Users/wenjiechen/Desktop/gemology-kb/library/01_video/【合集】钻石购买攻略合集,,https://www.bilibili.com/video/BV1SK4y1m75i
BV1bU4y1h7Be,同是一克拉红宝石价格差这么大？？区别到底在哪里？,03:54,【合集】彩宝选购合集,02_彩色宝石,彩宝选购合集,1618055251,97883,transcribed,/Users/wenjiechen/Desktop/gemology-kb/library/01_video/【合集】彩宝选购合集,,https://www.bilibili.com/video/BV1bU4y1h7Be
